name,email,date_of_birth,mobile_no,first_name,last_name,above_18,membership_id
William Dixon,William_Dixon@woodward-fuller.biz,19860110,40601711,William,Dixon,True,Dixon_3864b
Patty Smith,Patty_Smith@ross.com,19750827,59428759,Patty,Smith,True,Smith_c7677
Sarah Jacobson,Sarah_Jacobson@mclean-jacobs.info,19580309,61071779,Sarah,Jacobson,True,Jacobson_e151e
Kayla Shannon,Kayla_Shannon@hendricks-hunter.org,19840517,51323743,Kayla,Shannon,True,Shannon_dd402
Sean Wang DDS,Sean_Wang@gibson-calderon.com,19600311,25595367,Sean Wang,DDS,True,DDS_04168
Richard Estrada,Richard_Estrada@malone.com,19921015,22821527,Richard,Estrada,True,Estrada_0bf5b
Jackson Cline,Jackson_Cline@hudson.net,19710121,48056519,Jackson,Cline,True,Cline_825fb
Allen Williams,Allen_Williams@sanchez.net,19971109,77991519,Allen,Williams,True,Williams_3e726
Eric Flores,Eric_Flores@dillon-patterson.com,19820107,36641663,Eric,Flores,True,Flores_f6828
Anna Richardson,Anna_Richardson@perry.com,19670223,64083047,Anna,Richardson,True,Richardson_ef158
Benjamin Smith,Benjamin_Smith@christian-contreras.com,19871223,95835639,Benjamin,Smith,True,Smith_9625b
Bobby Ward,Bobby_Ward@bailey-taylor.org,19641006,64672783,Bobby,Ward,True,Ward_e1acd
Taylor Gomez,Taylor_Gomez@johnston.com,19821022,24007567,Taylor,Gomez,True,Gomez_876bf
Jeremy Rodriguez,Jeremy_Rodriguez@roth.com,19780828,32567967,Jeremy,Rodriguez,True,Rodriguez_93ac7
April Garcia,April_Garcia@hall.com,19871231,24650447,April,Garcia,True,Garcia_26b55
Sharon Garza,Sharon_Garza@duran.com,20020830,59411567,Sharon,Garza,True,Garza_40199
Lori Sanchez,Lori_Sanchez@hardin-warner.net,19980420,76989167,Lori,Sanchez,True,Sanchez_364a7
Joseph Reed,Joseph_Reed@kelley.com,19511220,18798163,Joseph,Reed,True,Reed_3bc34
Jason Armstrong,Jason_Armstrong@curtis.com,19921116,68514503,Jason,Armstrong,True,Armstrong_e2fb8
Jessica Allison,Jessica_Allison@harper.com,19721030,66821135,Jessica,Allison,True,Allison_0c21b
Arthur Hall MD,Arthur_Hall@gonzalez.com,19940311,65493407,Arthur Hall,MD,True,MD_5eccd
Sherry Meza,Sherry_Meza@west.com,19970409,33491119,Sherry,Meza,True,Meza_5bcfa
James Johnston,James_Johnston@fox-brandt.org,19681016,52358919,James,Johnston,True,Johnston_cda33
Matthew Turner,Matthew_Turner@martinez.com,19940707,73291455,Matthew,Turner,True,Turner_0303a
Jeffrey Bauer,Jeffrey_Bauer@garza.com,19660813,51154803,Jeffrey,Bauer,True,Bauer_18f68
Sophia Randolph,Sophia_Randolph@leonard-ramirez.com,19500807,94510479,Sophia,Randolph,True,Randolph_76c7a
Marissa Matthews,Marissa_Matthews@graves.com,19720221,20636447,Marissa,Matthews,True,Matthews_2a414
Dr. Samuel Thompson,Samuel_Thompson@sanchez-carroll.com,19840304,99063183,Dr. Samuel,Thompson,True,Thompson_8382b
Zachary Lee,Zachary_Lee@smith.com,19870704,36447751,Zachary,Lee,True,Lee_76cce
Kara Pittman,Kara_Pittman@gomez-vaughn.com,19680525,80502567,Kara,Pittman,True,Pittman_44c4d
James Smith,James_Smith@perez-cole.info,19660225,85794215,James,Smith,True,Smith_0547b
Charles Ruiz,Charles_Ruiz@sullivan-jones.com,19680113,85158255,Charles,Ruiz,True,Ruiz_1546f
Rachel Shaw,Rachel_Shaw@stevenson-martinez.com,19581223,66511687,Rachel,Shaw,True,Shaw_45468
Randy Mora,Randy_Mora@herrera-strong.biz,19931127,77326903,Randy,Mora,True,Mora_4517e
James Miller,James_Miller@nguyen.com,19710831,64917031,James,Miller,True,Miller_d11a8
Jacqueline Williams,Jacqueline_Williams@bell-salas.biz,19910810,48250447,Jacqueline,Williams,True,Williams_74173
Gabriella Anthony,Gabriella_Anthony@castro.com,19970106,89108943,Gabriella,Anthony,True,Anthony_ebd30
Elizabeth Moore,Elizabeth_Moore@kelley.biz,19750524,92096903,Elizabeth,Moore,True,Moore_75830
Misty Cantrell,Misty_Cantrell@flores-decker.com,19570303,79619831,Misty,Cantrell,True,Cantrell_b19eb
Kelly Guerrero,Kelly_Guerrero@riggs.com,19970203,53052583,Kelly,Guerrero,True,Guerrero_d55cb
David Nichols,David_Nichols@rocha.com,19620819,62269575,David,Nichols,True,Nichols_9226a
Shawn Galloway,Shawn_Galloway@johnston.com,19850419,17471367,Shawn,Galloway,True,Galloway_1a4d2
Fernando Salazar,Fernando_Salazar@humphrey.com,19720419,71192443,Fernando,Salazar,True,Salazar_88b5f
Dennis Sanford,Dennis_Sanford@lopez-archer.com,19800806,88084407,Dennis,Sanford,True,Sanford_c7e24
Leah Myers,Leah_Myers@nichols-davies.info,19860905,65720823,Leah,Myers,True,Myers_1ef89
Amanda Murphy,Amanda_Murphy@bright-gibbs.net,20000730,30501351,Amanda,Murphy,True,Murphy_0851c
Bobby Martin,Bobby_Martin@jackson.com,20000331,43871143,Bobby,Martin,True,Martin_35f44
Daniel Miller,Daniel_Miller@jackson.info,20000119,86343895,Daniel,Miller,True,Miller_da4de
Lauren Jones,Lauren_Jones@castaneda.com,19870724,96512831,Lauren,Jones,True,Jones_3cea3
Vernon Bishop,Vernon_Bishop@clark-larson.com,19730710,78396487,Vernon,Bishop,True,Bishop_b0506
Phillip Meyers,Phillip_Meyers@mcneil-williams.com,19601022,95409119,Phillip,Meyers,True,Meyers_2871d
Nicholas Hubbard,Nicholas_Hubbard@day.info,19641224,36966279,Nicholas,Hubbard,True,Hubbard_944d1
Jeremy Strickland,Jeremy_Strickland@adkins.com,19501223,20151487,Jeremy,Strickland,True,Strickland_c13f0
Amanda Richards,Amanda_Richards@ramirez.biz,19701223,32284303,Amanda,Richards,True,Richards_7ee56
Whitney Wallace,Whitney_Wallace@valdez.info,19780930,97125103,Whitney,Wallace,True,Wallace_72049
Robert Martin,Robert_Martin@crawford.com,19500718,78547615,Robert,Martin,True,Martin_6f48d
Marc Davis,Marc_Davis@harris.com,19800520,96597403,Marc,Davis,True,Davis_7d08d
William Taylor,William_Taylor@warner-morgan.net,19860131,42996791,William,Taylor,True,Taylor_4fbc5
Alyssa Pierce,Alyssa_Pierce@ruiz.com,19680516,95839991,Alyssa,Pierce,True,Pierce_133dc
Michael Brady,Michael_Brady@wells-sanders.com,19500323,65342263,Michael,Brady,True,Brady_bd431
James Rhodes,James_Rhodes@green.com,19771010,27465295,James,Rhodes,True,Rhodes_df266
Ryan Ramirez,Ryan_Ramirez@pham.com,19850425,67907071,Ryan,Ramirez,True,Ramirez_5ff32
Edward Burns,Edward_Burns@graham.org,19510618,68976471,Edward,Burns,True,Burns_7f892
Stephen Thompson,Stephen_Thompson@hess.com,19511112,75033031,Stephen,Thompson,True,Thompson_52cd0
Allen Rogers,Allen_Rogers@lewis.org,19610305,88834151,Allen,Rogers,True,Rogers_1cfad
Susan Williams,Susan_Williams@rowland.com,19761205,95688383,Susan,Williams,True,Williams_3b0d4
Leslie Moore,Leslie_Moore@waller.org,19841209,13237891,Leslie,Moore,True,Moore_2125a
Micheal Blackburn,Micheal_Blackburn@lewis.org,19621010,70637879,Micheal,Blackburn,True,Blackburn_be088
James Mays,James_Mays@daniel.biz,19691013,56033271,James,Mays,True,Mays_1c3c6
Nancy Aguilar,Nancy_Aguilar@lane.com,19950811,97516423,Nancy,Aguilar,True,Aguilar_ad5a0
Jessica Williams,Jessica_Williams@thomas-martin.com,19730824,26472931,Jessica,Williams,True,Williams_b7835
Michelle Johnson,Michelle_Johnson@smith.org,19670820,94747727,Michelle,Johnson,True,Johnson_d9799
Dylan Johnson,Dylan_Johnson@montgomery.com,19960107,52048815,Dylan,Johnson,True,Johnson_d53b7
Pamela King,Pamela_King@soto.net,19930929,72515095,Pamela,King,True,King_01148
Robert Smith,Robert_Smith@joyce.com,19870424,76366335,Robert,Smith,True,Smith_634dd
Samantha Gonzalez,Samantha_Gonzalez@rios-fletcher.com,19980829,40456647,Samantha,Gonzalez,True,Gonzalez_31e9a
Adam Huang,Adam_Huang@brown.info,19991030,19505759,Adam,Huang,True,Huang_a78d0
Michael Johnson,Michael_Johnson@smith.biz,19950423,50520919,Michael,Johnson,True,Johnson_b6641
Terry Pierce,Terry_Pierce@warner-reyes.com,19640910,91518459,Terry,Pierce,True,Pierce_68d7c
Jeffery Walker,Jeffery_Walker@watson.com,19560624,46574799,Jeffery,Walker,True,Walker_ba5b7
Todd Alvarez,Todd_Alvarez@vaughn.com,19741125,42011263,Todd,Alvarez,True,Alvarez_7bc5d
John Henry,John_Henry@blake.info,19670306,49860879,John,Henry,True,Henry_064f4
Brett Willis,Brett_Willis@gibbs.com,19610908,86342007,Brett,Willis,True,Willis_d0046
Louis Klein,Louis_Klein@phillips-allen.com,19651220,33671863,Louis,Klein,True,Klein_43163
Kristin Wilkins,Kristin_Wilkins@harvey.com,20020511,84393855,Kristin,Wilkins,True,Wilkins_48a0a
Joshua Lynch,Joshua_Lynch@daniels.com,19650526,71572839,Joshua,Lynch,True,Lynch_49515
Deborah Williams,Deborah_Williams@howard.com,19841121,11357647,Deborah,Williams,True,Williams_e69d3
Timothy Martin,Timothy_Martin@camacho-sparks.net,20030501,92008191,Timothy,Martin,True,Martin_6cf84
Brandon Marshall,Brandon_Marshall@thompson.org,19860415,12250471,Brandon,Marshall,True,Marshall_1f412
Sarah Bright,Sarah_Bright@winters.com,19981115,24327743,Sarah,Bright,True,Bright_776f9
Rebecca Anderson,Rebecca_Anderson@carter-ramirez.com,19730827,27023231,Rebecca,Anderson,True,Anderson_48071
Roger Frost,Roger_Frost@cole-robinson.com,19700217,94120431,Roger,Frost,True,Frost_5ba4a
Toni Dunn,Toni_Dunn@chapman.com,19800831,89674459,Toni,Dunn,True,Dunn_8edbe
Eric Dunn,Eric_Dunn@reese.com,19601207,13714207,Eric,Dunn,True,Dunn_84e93
Heather Pierce,Heather_Pierce@williams-edwards.com,19570813,32413999,Heather,Pierce,True,Pierce_1096d
Jordan Erickson,Jordan_Erickson@martinez.com,19750802,64756655,Jordan,Erickson,True,Erickson_6b984
James Johnson,James_Johnson@greene.biz,20021216,21476871,James,Johnson,True,Johnson_1f4ed
Kendra Dawson,Kendra_Dawson@hernandez.biz,19510407,82622519,Kendra,Dawson,True,Dawson_b5c48
Susan Ali,Susan_Ali@leach.com,19990105,74229143,Susan,Ali,True,Ali_f361f
Thomas Anderson,Thomas_Anderson@perez.biz,19840307,75106319,Thomas,Anderson,True,Anderson_2af78
Richard Wilson,Richard_Wilson@hernandez.com,19990703,36349175,Richard,Wilson,True,Wilson_f0626
Jon Butler,Jon_Butler@blackwell.com,19870318,78121695,Jon,Butler,True,Butler_a60e8
Rose Stanton,Rose_Stanton@coleman.info,19650830,19285375,Rose,Stanton,True,Stanton_2eff0
Paul Phillips,Paul_Phillips@vance.com,19970216,11213063,Paul,Phillips,True,Phillips_01acd
Adam Parker,Adam_Parker@yoder.com,19980722,27783391,Adam,Parker,True,Parker_5ebc0
Cory Walker,Cory_Walker@torres.net,19621208,37614935,Cory,Walker,True,Walker_a21be
Rebecca Thompson DDS,Rebecca_Thompson@ferrell.biz,19980720,98761031,Rebecca Thompson,DDS,True,DDS_840d4
Elizabeth Bell,Elizabeth_Bell@nguyen.org,20010329,20192319,Elizabeth,Bell,True,Bell_cb191
Jessica Moore,Jessica_Moore@mooney.biz,19610212,43701951,Jessica,Moore,True,Moore_2fe38
Jeffrey Sanchez,Jeffrey_Sanchez@jones-butler.com,19950914,73226919,Jeffrey,Sanchez,True,Sanchez_cf3c9
Bianca Martin,Bianca_Martin@mitchell.com,19780205,86924127,Bianca,Martin,True,Martin_7bf56
Jeffrey King,Jeffrey_King@hicks-boyd.com,19770623,68622991,Jeffrey,King,True,King_2f8a4
Levi Vaughn,Levi_Vaughn@mason.biz,19531124,20939863,Levi,Vaughn,True,Vaughn_1892c
George Stark,George_Stark@ortiz.info,19700414,45068735,George,Stark,True,Stark_9f140
Jeffrey Salas,Jeffrey_Salas@hernandez-weber.org,19910908,86359023,Jeffrey,Salas,True,Salas_e3ba6
Shelly Mcdaniel,Shelly_Mcdaniel@little.com,19951028,86599403,Shelly,Mcdaniel,True,Mcdaniel_ab5b4
Melanie Wiggins,Melanie_Wiggins@mcdonald-rice.com,20000214,91699615,Melanie,Wiggins,True,Wiggins_c46e0
Mr. Daniel Smith,Daniel_Smith@cummings.com,19860308,26613823,Mr. Daniel,Smith,True,Smith_e0b77
April Taylor,April_Taylor@johnson-hayes.biz,19550314,27461167,April,Taylor,True,Taylor_be631
Erica Vaughn,Erica_Vaughn@erickson-evans.org,19581113,83472491,Erica,Vaughn,True,Vaughn_3106b
Christopher Smith,Christopher_Smith@lamb.com,19810707,42594715,Christopher,Smith,True,Smith_216c5
Marc Love,Marc_Love@martin.com,19550722,96796419,Marc,Love,True,Love_95197
Scott Lawrence,Scott_Lawrence@aguilar.com,19760104,59217375,Scott,Lawrence,True,Lawrence_fbccd
James Sosa,James_Sosa@robles-hawkins.com,19570811,47053447,James,Sosa,True,Sosa_84005
Jamie Jackson,Jamie_Jackson@carr.com,19770526,71512687,Jamie,Jackson,True,Jackson_b5943
Roberto Sparks,Roberto_Sparks@pope.biz,19790706,88401951,Roberto,Sparks,True,Sparks_e463f
Jeffrey Hatfield,Jeffrey_Hatfield@morgan-erickson.com,19701014,69441735,Jeffrey,Hatfield,True,Hatfield_bf691
James Phillips,James_Phillips@green-taylor.com,19611019,89808183,James,Phillips,True,Phillips_c68d2
Jessica Moore,Jessica_Moore@harrison-bautista.com,19990905,27155335,Jessica,Moore,True,Moore_555b6
Debra Peters,Debra_Peters@smith.com,19820804,69115179,Debra,Peters,True,Peters_6955e
Richard Anderson,Richard_Anderson@peck-franklin.com,19700405,24730327,Richard,Anderson,True,Anderson_6c12a
Lauren Hahn,Lauren_Hahn@simmons.com,19720620,15132727,Lauren,Hahn,True,Hahn_38908
Matthew Lucero,Matthew_Lucero@bowers-pham.info,19900508,52221639,Matthew,Lucero,True,Lucero_75b53
Joseph Perez,Joseph_Perez@ryan.com,19740909,61876187,Joseph,Perez,True,Perez_a30c9
Faith Edwards,Faith_Edwards@price.net,19770726,44653063,Faith,Edwards,True,Edwards_96edd
Laura Vargas,Laura_Vargas@gallagher-young.com,19770910,40816943,Laura,Vargas,True,Vargas_b176f
Sarah Lewis,Sarah_Lewis@wyatt.com,19810225,37945839,Sarah,Lewis,True,Lewis_f236b
Brad Huff,Brad_Huff@moore.com,19611227,28207575,Brad,Huff,True,Huff_88806
Thomas Sanchez,Thomas_Sanchez@cunningham-reid.net,19570914,23994083,Thomas,Sanchez,True,Sanchez_a1536
Alexander Richardson,Alexander_Richardson@perez.com,19581025,34675335,Alexander,Richardson,True,Richardson_e102e
Matthew Moore,Matthew_Moore@nichols.com,20030707,66391671,Matthew,Moore,True,Moore_4788f
Kerry Branch,Kerry_Branch@mays.biz,19740423,66079175,Kerry,Branch,True,Branch_2243b
Joseph Howard,Joseph_Howard@williams.com,19520726,46746383,Joseph,Howard,True,Howard_99bdb
Jacqueline Phillips,Jacqueline_Phillips@larson.com,19880118,55793915,Jacqueline,Phillips,True,Phillips_3268f
Anne Richards,Anne_Richards@mccarthy.com,19690609,84963423,Anne,Richards,True,Richards_e1b0f
Derek Thomas,Derek_Thomas@green.com,19640724,37329863,Derek,Thomas,True,Thomas_a6b2a
Joseph Bonilla,Joseph_Bonilla@freeman.com,19740508,66912183,Joseph,Bonilla,True,Bonilla_07c60
Gary Barber,Gary_Barber@roberts.net,19551112,44790343,Gary,Barber,True,Barber_8e448
Brian Johnson,Brian_Johnson@carr.com,19810617,76631695,Brian,Johnson,True,Johnson_01409
Christine Peterson,Christine_Peterson@hamilton.com,19741119,57627175,Christine,Peterson,True,Peterson_d3043
Christopher Bautista,Christopher_Bautista@rodgers.com,19940212,48834663,Christopher,Bautista,True,Bautista_06ca7
Randy Rodriguez,Randy_Rodriguez@lopez.org,19811019,80174711,Randy,Rodriguez,True,Rodriguez_8b26a
Barbara Krueger,Barbara_Krueger@strong.com,19520322,30905343,Barbara,Krueger,True,Krueger_f41b0
Brian Curtis,Brian_Curtis@higgins.biz,19661020,55737919,Brian,Curtis,True,Curtis_746fa
Brian Brown,Brian_Brown@anderson.org,19541009,98374567,Brian,Brown,True,Brown_43bdb
Monica Oconnor,Monica_Oconnor@gordon.com,19800107,97887295,Monica,Oconnor,True,Oconnor_5d9be
Peggy Johnson,Peggy_Johnson@berg.com,19720328,34795631,Peggy,Johnson,True,Johnson_317e0
Linda Woods,Linda_Woods@nelson.biz,20021216,53675487,Linda,Woods,True,Woods_1f4ed
Susan Herrera,Susan_Herrera@gomez.com,19550826,24027735,Susan,Herrera,True,Herrera_2275e
Andrew Matthews,Andrew_Matthews@ramos-vaughn.com,19880219,90821359,Andrew,Matthews,True,Matthews_33105
Erin Kennedy,Erin_Kennedy@hendricks-mason.com,19650109,35865639,Erin,Kennedy,True,Kennedy_e1e07
Jason Lopez,Jason_Lopez@wood-hill.com,19740830,11287127,Jason,Lopez,True,Lopez_ad64b
Jerry Clark,Jerry_Clark@perez.com,19950928,46859655,Jerry,Clark,True,Clark_850e2
Alyssa Kim,Alyssa_Kim@beck-zuniga.com,19901108,59732335,Alyssa,Kim,True,Kim_61638
Courtney Williams,Courtney_Williams@garner.com,19990919,27598999,Courtney,Williams,True,Williams_225d6
Adrian Price,Adrian_Price@soto-diaz.biz,19710616,73308247,Adrian,Price,True,Price_6f0f0
Kevin Haynes,Kevin_Haynes@jones.com,19690624,75433787,Kevin,Haynes,True,Haynes_d74e4
John Hicks,John_Hicks@weber.com,19530912,95395487,John,Hicks,True,Hicks_c3ab0
Eric Kennedy,Eric_Kennedy@mcdonald.com,19990522,77994331,Eric,Kennedy,True,Kennedy_b93e8
Brooke Johnson,Brooke_Johnson@tyler.org,19910415,55029023,Brooke,Johnson,True,Johnson_89a0e
Melissa Wood,Melissa_Wood@sharp.info,19720205,76325591,Melissa,Wood,True,Wood_911d3
Matthew Nelson,Matthew_Nelson@hunt.com,19580127,45515247,Matthew,Nelson,True,Nelson_49b51
Michael Murphy,Michael_Murphy@warren.biz,19780508,97486607,Michael,Murphy,True,Murphy_49efc
Carolyn Glover,Carolyn_Glover@walker.com,19790714,87832791,Carolyn,Glover,True,Glover_9a700
Robert Moore,Robert_Moore@young.com,19550415,19512199,Robert,Moore,True,Moore_bd6b1
Kelly Rogers,Kelly_Rogers@carr.info,19940920,47022791,Kelly,Rogers,True,Rogers_59ca9
Nicole Mcgee,Nicole_Mcgee@reyes.com,19590303,34539135,Nicole,Mcgee,True,Mcgee_84007
Danielle Hunter,Danielle_Hunter@ballard.com,19710811,99947039,Danielle,Hunter,True,Hunter_c76d0
Kelly Perez,Kelly_Perez@ward-wilson.com,19600519,60614735,Kelly,Perez,True,Perez_016c7
Mary Odom,Mary_Odom@morgan-reynolds.com,19630813,98738367,Mary,Odom,True,Odom_e8796
Stacy Hansen,Stacy_Hansen@braun.biz,19810615,59308935,Stacy,Hansen,True,Hansen_88a2e
Arthur Gibson II,Arthur_Gibson@thompson-thompson.com,19610306,75411807,Arthur Gibson,II,True,II_7ade8
Tina Fitzpatrick,Tina_Fitzpatrick@marshall-howard.org,19520205,11883967,Tina,Fitzpatrick,True,Fitzpatrick_f3a7d
Andrea Page,Andrea_Page@murphy-nelson.info,19720326,59221239,Andrea,Page,True,Page_d8da3
Miss Katherine Brennan MD,Katherine_Brennan@garcia.net,19771113,37918255,Miss Katherine Brennan,MD,True,MD_fbe29
Nathan Nielsen,Nathan_Nielsen@smith-coleman.info,19570325,22721639,Nathan,Nielsen,True,Nielsen_d8b9d
Christopher Miller,Christopher_Miller@kelly.com,19850131,16222031,Christopher,Miller,True,Miller_5a80b
Charles Mendoza DVM,Charles_Mendoza@watts.org,19521109,56858727,Charles Mendoza,DVM,True,DVM_5a25d
Amber Hopkins,Amber_Hopkins@hall.com,19750831,15289039,Amber,Hopkins,True,Hopkins_7c2f6
Christine Lara,Christine_Lara@barnes-lee.com,19590103,77716475,Christine,Lara,True,Lara_05622
Nancy Garcia,Nancy_Garcia@lewis-hayden.com,19680305,62971303,Nancy,Garcia,True,Garcia_76b84
Alex Rhodes,Alex_Rhodes@russell.net,19780913,75808519,Alex,Rhodes,True,Rhodes_a5121
Daniel Bennett,Daniel_Bennett@stephens-oneill.com,19730228,20776023,Daniel,Bennett,True,Bennett_1ed65
Kevin Woodard,Kevin_Woodard@lynch.com,19550809,30319911,Kevin,Woodard,True,Woodard_0dee6
Cristina Gray,Cristina_Gray@hoover-jones.info,19780424,15558739,Cristina,Gray,True,Gray_6615d
Todd Wheeler,Todd_Wheeler@woods.com,19960904,50356375,Todd,Wheeler,True,Wheeler_62b5f
Linda Woods,Linda_Woods@diaz.com,19611127,81195711,Linda,Woods,True,Woods_5e5f2
Alan Peterson,Alan_Peterson@burch.com,19760129,88993663,Alan,Peterson,True,Peterson_9e709
Jacob Grant,Jacob_Grant@cummings.com,19911204,94196575,Jacob,Grant,True,Grant_46694
Gabrielle Johnson,Gabrielle_Johnson@serrano.com,19580610,35424207,Gabrielle,Johnson,True,Johnson_aa25e
Anne Howard,Anne_Howard@rowe.com,19690610,35198251,Anne,Howard,True,Howard_45839
Caleb Morales,Caleb_Morales@collins.com,19660329,69459679,Caleb,Morales,True,Morales_0598c
James Dominguez,James_Dominguez@black.com,19881205,49527207,James,Dominguez,True,Dominguez_e2663
Anthony Baker,Anthony_Baker@burns.biz,19890725,50598455,Anthony,Baker,True,Baker_af3ee
Kathryn Cardenas,Kathryn_Cardenas@skinner.com,19830508,81016239,Kathryn,Cardenas,True,Cardenas_35ae4
Angel Johnson,Angel_Johnson@anderson.info,19571128,12270279,Angel,Johnson,True,Johnson_9934c
Jeffrey Santiago,Jeffrey_Santiago@duncan.com,19750228,93827623,Jeffrey,Santiago,True,Santiago_5cbec
Andrew Mclaughlin,Andrew_Mclaughlin@fitzpatrick-lucas.com,19730514,66417719,Andrew,Mclaughlin,True,Mclaughlin_b2423
Mr. Bryan Porter,Bryan_Porter@elliott.com,19570214,88089671,Mr. Bryan,Porter,True,Porter_e9e42
Brendan Smith,Brendan_Smith@williams.com,19580516,67839775,Brendan,Smith,True,Smith_750a9
Amy Wilson,Amy_Wilson@cortez.net,19740412,64392323,Amy,Wilson,True,Wilson_09540
David Clark,David_Clark@fleming.com,19850801,44834223,David,Clark,True,Clark_f30a3
Erika Joseph,Erika_Joseph@romero.com,19810303,51075039,Erika,Joseph,True,Joseph_f0dcb
Paul Allen,Paul_Allen@jacobs-walker.info,19681110,44110375,Paul,Allen,True,Allen_ff1d3
Adam Morales,Adam_Morales@simpson-velazquez.info,19910404,12197423,Adam,Morales,True,Morales_7969b
Jeffrey Hernandez,Jeffrey_Hernandez@mcdaniel.com,19891231,76263607,Jeffrey,Hernandez,True,Hernandez_f3251
Michael Miller,Michael_Miller@taylor-moore.com,19640520,17581687,Michael,Miller,True,Miller_375ad
Randall Scott,Randall_Scott@hernandez.biz,19710903,98399307,Randall,Scott,True,Scott_8820e
Cynthia Harrington,Cynthia_Harrington@adams.info,19790724,48879875,Cynthia,Harrington,True,Harrington_a9abd
Theresa Newman,Theresa_Newman@perry-scott.com,19941129,36575799,Theresa,Newman,True,Newman_069d1
Michael Brady,Michael_Brady@miller.biz,19830113,56592895,Michael,Brady,True,Brady_998fd
Paul Romero,Paul_Romero@middleton-jones.com,19601007,98843943,Paul,Romero,True,Romero_7ffde
Kathleen Ramirez,Kathleen_Ramirez@banks-wright.com,19550829,40351711,Kathleen,Ramirez,True,Ramirez_04ceb
Janet Choi MD,Janet_Choi@neal.com,19860718,66675695,Janet Choi,MD,True,MD_e37de
Mark Bender,Mark_Bender@oneal-wilkins.com,19690911,27354911,Mark,Bender,True,Bender_b8ade
Abigail Brown,Abigail_Brown@jones-underwood.com,19800810,15726143,Abigail,Brown,True,Brown_7bef7
Brian Pham,Brian_Pham@allen.info,19860127,35052023,Brian,Pham,True,Pham_361af
Timothy Nguyen,Timothy_Nguyen@johnson-jacobs.biz,20011129,68379127,Timothy,Nguyen,True,Nguyen_d1479
Antonio Dominguez,Antonio_Dominguez@nichols.com,19801115,75861007,Antonio,Dominguez,True,Dominguez_821d7
Tony Morris,Tony_Morris@davis.com,19700805,33280551,Tony,Morris,True,Morris_1057d
Randy Carlson,Randy_Carlson@rivera.com,19550530,51211679,Randy,Carlson,True,Carlson_d8db2
Kirsten Williams,Kirsten_Williams@mitchell.info,19511204,28193351,Kirsten,Williams,True,Williams_6f0a4
Mitchell Pierce,Mitchell_Pierce@houston-conway.net,20010824,96845551,Mitchell,Pierce,True,Pierce_7e42c
Angela West,Angela_West@anderson-fitzgerald.com,19810427,59397207,Angela,West,True,West_0afba
Tina Weaver,Tina_Weaver@hoffman-clarke.info,19870325,47969919,Tina,Weaver,True,Weaver_0a95d
Sherry Lyons,Sherry_Lyons@carson-copeland.com,19980902,47672835,Sherry,Lyons,True,Lyons_5c73e
Jennifer Butler,Jennifer_Butler@arellano-morris.com,19511118,16079075,Jennifer,Butler,True,Butler_c810e
Kevin Peters,Kevin_Peters@edwards.com,19670602,28855487,Kevin,Peters,True,Peters_4b936
Jennifer Ortiz,Jennifer_Ortiz@waters-cervantes.info,19810707,23476599,Jennifer,Ortiz,True,Ortiz_216c5
Benjamin Conway,Benjamin_Conway@burton-paul.com,19551228,23338319,Benjamin,Conway,True,Conway_b14b9
Noah Mccarty,Noah_Mccarty@rios-oneill.com,19650620,64718427,Noah,Mccarty,True,Mccarty_6f29c
Andrew Stewart,Andrew_Stewart@wong.com,19511202,19799879,Andrew,Stewart,True,Stewart_c3765
Brenda Jones,Brenda_Jones@lang.com,19550804,62608823,Brenda,Jones,True,Jones_e27fe
Jerry Shannon,Jerry_Shannon@sweeney-gibbs.com,19510505,86239787,Jerry,Shannon,True,Shannon_6484d
Blake Brown,Blake_Brown@george-kelly.net,19570615,34835327,Blake,Brown,True,Brown_75572
Michael Bowers,Michael_Bowers@klein-barry.com,20020903,70074031,Michael,Bowers,True,Bowers_29d22
Shane Bradley,Shane_Bradley@pratt-roberts.info,19760510,32566207,Shane,Bradley,True,Bradley_00d03
Elizabeth Bailey,Elizabeth_Bailey@stephenson-arnold.com,19630101,20218071,Elizabeth,Bailey,True,Bailey_5c8a5
James Cruz,James_Cruz@bender-harris.com,19500730,18758595,James,Cruz,True,Cruz_a17c6
Kelly Levy,Kelly_Levy@barajas.com,19940805,74468255,Kelly,Levy,True,Levy_1b739
Tracy Butler,Tracy_Butler@allison.info,19570205,45435383,Tracy,Butler,True,Butler_97580
Thomas Burton,Thomas_Burton@dunn-avery.net,19750419,14613071,Thomas,Burton,True,Burton_e624b
Kimberly Garcia,Kimberly_Garcia@tapia.com,19630801,41397407,Kimberly,Garcia,True,Garcia_ea09c
Amber Sims,Amber_Sims@murphy.biz,19730327,43947559,Amber,Sims,True,Sims_d2fec
Paul Peterson,Paul_Peterson@bullock.com,20021225,59148863,Paul,Peterson,True,Peterson_c41f4
Tiffany Carrillo,Tiffany_Carrillo@hoover-brown.org,19930516,72843351,Tiffany,Carrillo,True,Carrillo_20b27
Donna Lewis,Donna_Lewis@myers-dominguez.org,19800422,86779671,Donna,Lewis,True,Lewis_febfd
Douglas Morgan,Douglas_Morgan@fritz-duncan.biz,19520320,51636655,Douglas,Morgan,True,Morgan_f8970
Devon Roberts,Devon_Roberts@lewis.biz,20031030,81450999,Devon,Roberts,True,Roberts_85b61
Michael Reilly,Michael_Reilly@cooper.net,19720514,33876967,Michael,Reilly,True,Reilly_1c829
Alejandra Martinez,Alejandra_Martinez@jones.com,19791221,87381327,Alejandra,Martinez,True,Martinez_d6f6b
Christina Mann,Christina_Mann@watson.info,19530425,18391991,Christina,Mann,True,Mann_84bb3
Timothy Sanders,Timothy_Sanders@harrell.com,19521003,63453583,Timothy,Sanders,True,Sanders_e813f
Latoya Little,Latoya_Little@martinez.com,19780708,43404335,Latoya,Little,True,Little_9b0c8
Sarah Harvey,Sarah_Harvey@martin-smith.com,19600331,58520471,Sarah,Harvey,True,Harvey_119d2
Aaron Hansen,Aaron_Hansen@mckinney.com,19980128,51639887,Aaron,Hansen,True,Hansen_df29c
Melissa Ortiz,Melissa_Ortiz@lee-malone.com,19580729,49637727,Melissa,Ortiz,True,Ortiz_84be0
Brooke Hernandez,Brooke_Hernandez@benitez.com,19911114,97309975,Brooke,Hernandez,True,Hernandez_bcb5b
Lisa Livingston,Lisa_Livingston@glover.com,19500423,20519415,Lisa,Livingston,True,Livingston_19295
Eugene Mason,Eugene_Mason@gardner.com,19781213,47810855,Eugene,Mason,True,Mason_6bc9b
Daniel Cunningham,Daniel_Cunningham@cooper.com,19730326,78657983,Daniel,Cunningham,True,Cunningham_12799
Victor Marsh,Victor_Marsh@smith-olson.org,19710908,52026823,Victor,Marsh,True,Marsh_fea35
Alex Smith,Alex_Smith@johnson.com,20020503,58965703,Alex,Smith,True,Smith_894dd
Charles Jennings,Charles_Jennings@cochran.net,19750714,70913863,Charles,Jennings,True,Jennings_18c5d
Jessica Vargas,Jessica_Vargas@miller-price.net,19810517,48925903,Jessica,Vargas,True,Vargas_ed53f
Olivia Clark,Olivia_Clark@wade-roberson.com,19741001,67793735,Olivia,Clark,True,Clark_92a9e
Ricky Allen,Ricky_Allen@roberts-mendoza.com,19610619,61433467,Ricky,Allen,True,Allen_3a518
Benjamin Griffin,Benjamin_Griffin@brown.org,19620129,17280391,Benjamin,Griffin,True,Griffin_edc21
Cathy Carney,Cathy_Carney@williams.net,19970522,31104151,Cathy,Carney,True,Carney_0d73a
Ashley Spencer,Ashley_Spencer@anderson.com,19910126,68555775,Ashley,Spencer,True,Spencer_c60e6
Victoria Strickland,Victoria_Strickland@mccarthy-stewart.com,19530730,31595971,Victoria,Strickland,True,Strickland_c68d2
Patrick Smith,Patrick_Smith@molina.net,19720129,76398335,Patrick,Smith,True,Smith_5b12e
Samuel West,Samuel_West@johnson-ryan.net,20020627,50354899,Samuel,West,True,West_15f40
Haley Baldwin,Haley_Baldwin@bush-wolfe.com,19650413,31940631,Haley,Baldwin,True,Baldwin_b3439
Alexander Wilson,Alexander_Wilson@barron-garcia.com,19881111,13893319,Alexander,Wilson,True,Wilson_51998
April Cole,April_Cole@vargas.com,19610622,65186503,April,Cole,True,Cole_2b0a2
Holly Riley,Holly_Riley@stokes.com,19740728,55620431,Holly,Riley,True,Riley_3e1f8
Jeffrey Poole,Jeffrey_Poole@cross.com,19570204,82077439,Jeffrey,Poole,True,Poole_23f28
Rachel Poole,Rachel_Poole@jones.net,19760807,35095087,Rachel,Poole,True,Poole_46b07
Sheena Ward,Sheena_Ward@wilson-mcbride.com,19730926,96834175,Sheena,Ward,True,Ward_57d0c
Cynthia Smith,Cynthia_Smith@smith.com,19510509,48760255,Cynthia,Smith,True,Smith_8477e
James Davidson,James_Davidson@brown.info,19551214,67973167,James,Davidson,True,Davidson_6ca42
Kevin Clayton,Kevin_Clayton@miller.com,19750807,25081071,Kevin,Clayton,True,Clayton_6ad7d
Deanna Smith,Deanna_Smith@cooke.com,19510416,50395271,Deanna,Smith,True,Smith_774d5
John Douglas,John_Douglas@jensen.info,19990302,22072627,John,Douglas,True,Douglas_3ee8d
Sarah Coleman,Sarah_Coleman@novak.com,19500119,37411775,Sarah,Coleman,True,Coleman_db259
Kurt Butler,Kurt_Butler@taylor.net,19640621,43394675,Kurt,Butler,True,Butler_19820
Cody Becker,Cody_Becker@hansen.com,19601216,76003567,Cody,Becker,True,Becker_dd317
Miss Molly Miller,Molly_Miller@king-kelly.net,19770511,99947663,Miss Molly,Miller,True,Miller_d8bf5
Craig Bailey,Craig_Bailey@hancock-brown.com,19970713,33032303,Craig,Bailey,True,Bailey_fac5d
Patricia Gray,Patricia_Gray@dawson.com,19660319,18281751,Patricia,Gray,True,Gray_00c0a
Thomas Nelson DDS,Thomas_Nelson@brandt.info,19931002,12978607,Thomas Nelson,DDS,True,DDS_148bf
Robert Rivera DVM,Robert_Rivera@gibson.com,19500722,35020847,Robert Rivera,DVM,True,DVM_6a7ce
Miss Michelle Lewis,Michelle_Lewis@wiggins-thornton.com,19830121,64700455,Miss Michelle,Lewis,True,Lewis_afe1c
John Owens,John_Owens@callahan.com,19670424,71230983,John,Owens,True,Owens_4cd37
Sarah Smith,Sarah_Smith@kirk.com,19680804,22702359,Sarah,Smith,True,Smith_313dd
Nancy Lucas,Nancy_Lucas@aguilar.com,19830607,91477863,Nancy,Lucas,True,Lucas_b2c40
Thomas Horne,Thomas_Horne@floyd.info,19710718,82457007,Thomas,Horne,True,Horne_46f11
Cathy Todd,Cathy_Todd@acevedo.biz,19640421,74009191,Cathy,Todd,True,Todd_ff585
Vicki Harmon,Vicki_Harmon@fry.org,19880902,20227951,Vicki,Harmon,True,Harmon_dff18
Paige Kemp,Paige_Kemp@green.org,19840331,94316667,Paige,Kemp,True,Kemp_a2ce1
Christina Murray,Christina_Murray@collins-day.com,19791217,35027583,Christina,Murray,True,Murray_a46c7
Emma Berry,Emma_Berry@charles.com,19940107,34612959,Emma,Berry,True,Berry_c02ad
Christopher Gross,Christopher_Gross@grimes.net,20031114,49217831,Christopher,Gross,True,Gross_2742d
Jason Hawkins,Jason_Hawkins@adams-hunter.com,19541001,31750255,Jason,Hawkins,True,Hawkins_8aa4f
Jeffrey Rodriguez,Jeffrey_Rodriguez@johnson-white.com,19690718,29947599,Jeffrey,Rodriguez,True,Rodriguez_84bf3
Joseph Bond,Joseph_Bond@may.biz,19610827,58099375,Joseph,Bond,True,Bond_f22b0
Christina Miller,Christina_Miller@marshall-lucas.com,19530425,92153503,Christina,Miller,True,Miller_84bb3
Joann Patel,Joann_Patel@king.info,20031113,83570903,Joann,Patel,True,Patel_929da
Donna Harris,Donna_Harris@walter.biz,20030614,54582023,Donna,Harris,True,Harris_0bec1
Thomas Glover,Thomas_Glover@kane.biz,19670814,41433683,Thomas,Glover,True,Glover_24c25
Ryan Fischer,Ryan_Fischer@smith.biz,19770812,48151867,Ryan,Fischer,True,Fischer_cefba
Kathryn Morris,Kathryn_Morris@martin-diaz.biz,19660605,12198603,Kathryn,Morris,True,Morris_b8363
Jonathan Henry,Jonathan_Henry@mccoy.info,19810227,60113947,Jonathan,Henry,True,Henry_25e89
Lori Morales,Lori_Morales@snow-boyd.biz,19701012,46595111,Lori,Morales,True,Morales_b7f1d
Maria Miller,Maria_Miller@roberts.com,19941221,86317751,Maria,Miller,True,Miller_208dd
Eileen Davis,Eileen_Davis@knox.com,19520404,19544735,Eileen,Davis,True,Davis_3a81f
Tony Howard,Tony_Howard@gutierrez.org,19530211,62993627,Tony,Howard,True,Howard_af9f9
Nicole Rivas,Nicole_Rivas@liu.org,19941124,45622759,Nicole,Rivas,True,Rivas_0504f
John Kelley,John_Kelley@george-barker.com,19960928,99919107,John,Kelley,True,Kelley_336ba
Harry Miller,Harry_Miller@warner-jackson.com,19890613,63478047,Harry,Miller,True,Miller_4e2a7
Robert Hunter,Robert_Hunter@foster-woodward.info,19761021,80356607,Robert,Hunter,True,Hunter_7be8f
Ellen Montes,Ellen_Montes@sellers.com,19610714,16519759,Ellen,Montes,True,Montes_29eaa
Gregory Mclean,Gregory_Mclean@valencia.com,19610801,38860951,Gregory,Mclean,True,Mclean_3b78d
Angela Spencer,Angela_Spencer@lopez.com,19980502,18410783,Angela,Spencer,True,Spencer_071ed
Christina Price,Christina_Price@kennedy-tran.com,19860805,65381695,Christina,Price,True,Price_35238
Michael Morris,Michael_Morris@nelson.net,19790924,62959695,Michael,Morris,True,Morris_05ed3
Amber Randall,Amber_Randall@boyd-freeman.net,19520910,60506343,Amber,Randall,True,Randall_fe7f8
Matthew Morris,Matthew_Morris@boyle-novak.com,19981111,49822607,Matthew,Morris,True,Morris_f9657
Cindy Blackburn,Cindy_Blackburn@bolton.net,20001008,86098071,Cindy,Blackburn,True,Blackburn_0c5fb
Matthew Jacobson,Matthew_Jacobson@bishop-thomas.com,19510412,99110191,Matthew,Jacobson,True,Jacobson_496c2
Stacy Jones,Stacy_Jones@perez.com,19940909,71998399,Stacy,Jones,True,Jones_c6f5d
Mike Hudson,Mike_Hudson@wilson-snyder.info,19860807,75936847,Mike,Hudson,True,Hudson_e8f96
Antonio Gray,Antonio_Gray@jackson-bell.org,19710315,56973759,Antonio,Gray,True,Gray_61484
Scott Zimmerman,Scott_Zimmerman@fischer.com,19560130,70071511,Scott,Zimmerman,True,Zimmerman_881d6
Dakota Silva,Dakota_Silva@barker-miller.com,19791007,41853599,Dakota,Silva,True,Silva_80f7f
Cynthia Crawford,Cynthia_Crawford@miller-fowler.org,19650925,97822935,Cynthia,Crawford,True,Crawford_cd0ed
Jacob Spencer MD,Jacob_Spencer@jefferson.net,19620226,41992359,Jacob Spencer,MD,True,MD_d5b01
Shawn Shelton,Shawn_Shelton@dixon.biz,19630124,62583727,Shawn,Shelton,True,Shelton_9002f
Barbara Hudson,Barbara_Hudson@robinson-jones.com,19971028,33194551,Barbara,Hudson,True,Hudson_9d670
Sherry Peterson,Sherry_Peterson@dillon-barber.com,19691126,91916671,Sherry,Peterson,True,Peterson_c30b8
Austin Bird,Austin_Bird@young-stout.com,19760515,53713179,Austin,Bird,True,Bird_86853
Matthew Oliver,Matthew_Oliver@mitchell.com,19720423,14016935,Matthew,Oliver,True,Oliver_94edc
Roger Maddox,Roger_Maddox@richards.com,19810426,86988519,Roger,Maddox,True,Maddox_6974f
Kristin Higgins,Kristin_Higgins@leonard.com,19981219,58071267,Kristin,Higgins,True,Higgins_bc84f
Patricia Martinez,Patricia_Martinez@stewart.info,19621202,61469863,Patricia,Martinez,True,Martinez_06dcc
Gilbert Johnson,Gilbert_Johnson@jones.com,19850923,97191811,Gilbert,Johnson,True,Johnson_e0381
Bryan Gutierrez,Bryan_Gutierrez@short-huerta.net,19881118,84795039,Bryan,Gutierrez,True,Gutierrez_c61e8
Sylvia Moon,Sylvia_Moon@mcintyre.biz,20030725,37974511,Sylvia,Moon,True,Moon_579bd
Sharon Young,Sharon_Young@cordova.biz,19920204,57220335,Sharon,Young,True,Young_80637
Peter Schultz,Peter_Schultz@shah.com,19570829,78301895,Peter,Schultz,True,Schultz_5fff4
Karen Smith MD,Karen_Smith@washington.com,19630505,91036383,Karen Smith,MD,True,MD_473c4
Justin Burke,Justin_Burke@johnson.com,19961202,43401655,Justin,Burke,True,Burke_ea689
Karen Erickson,Karen_Erickson@roman.org,19781004,68245335,Karen,Erickson,True,Erickson_9f253
Sarah Ramsey,Sarah_Ramsey@hayes.com,19640622,63376279,Sarah,Ramsey,True,Ramsey_4c3e8
Michael Chang,Michael_Chang@watkins.com,19900209,99632783,Michael,Chang,True,Chang_e27c8
Melvin Butler,Melvin_Butler@hardy.org,19571114,64154343,Melvin,Butler,True,Butler_ba49d
Pamela Hughes,Pamela_Hughes@rivas-garza.com,19570116,32117783,Pamela,Hughes,True,Hughes_bf91b
Darius Phillips,Darius_Phillips@mercado.biz,20020614,16737247,Darius,Phillips,True,Phillips_6d384
Jimmy Morris,Jimmy_Morris@hall-watkins.com,19640120,31836895,Jimmy,Morris,True,Morris_25892
Hailey Miller,Hailey_Miller@gay.org,19710217,44016239,Hailey,Miller,True,Miller_61db6
Lauren Romero,Lauren_Romero@davis.com,20020425,50100783,Lauren,Romero,True,Romero_e5750
Hector Rivera,Hector_Rivera@oconnor.info,19560911,23153231,Hector,Rivera,True,Rivera_eee54
Adam Jones,Adam_Jones@kline-reeves.com,19570107,83246639,Adam,Jones,True,Jones_2b07e
Michelle Kidd,Michelle_Kidd@klein-goodman.com,19500222,80511627,Michelle,Kidd,True,Kidd_ad962
Matthew Murphy,Matthew_Murphy@graham.com,19600216,18189831,Matthew,Murphy,True,Murphy_5dc4e
Jessica Arroyo,Jessica_Arroyo@flores-evans.com,20021019,24971015,Jessica,Arroyo,True,Arroyo_a6982
Caleb Zuniga,Caleb_Zuniga@stone.net,19681028,36180711,Caleb,Zuniga,True,Zuniga_a2d94
Scott Bonilla,Scott_Bonilla@jones-holmes.info,19861002,81577447,Scott,Bonilla,True,Bonilla_5a96a
Kenneth Walton,Kenneth_Walton@anderson.com,19950309,93358011,Kenneth,Walton,True,Walton_dc147
Cheyenne Moreno,Cheyenne_Moreno@hampton.com,19600912,61341887,Cheyenne,Moreno,True,Moreno_8048c
Yolanda Morris,Yolanda_Morris@robles.info,19720210,99156595,Yolanda,Morris,True,Morris_5eb51
Courtney Lopez,Courtney_Lopez@sanders.com,19710810,35323391,Courtney,Lopez,True,Lopez_93fe3
Kenneth Williamson,Kenneth_Williamson@perez.com,19541003,36169599,Kenneth,Williamson,True,Williamson_b834c
William Armstrong,William_Armstrong@richards.net,19641118,25119611,William,Armstrong,True,Armstrong_e8b45
Bruce Browning,Bruce_Browning@robertson-baldwin.com,19631113,22984503,Bruce,Browning,True,Browning_1f631
Jeremiah Robertson,Jeremiah_Robertson@brooks-patrick.info,19621012,38471223,Jeremiah,Robertson,True,Robertson_1f1d0
Shannon Gilbert,Shannon_Gilbert@brown-schaefer.com,19920613,34472903,Shannon,Gilbert,True,Gilbert_cba39
Amanda Brown,Amanda_Brown@williams.com,19541218,52400391,Amanda,Brown,True,Brown_cde99
Joseph Sanchez,Joseph_Sanchez@martinez-hoffman.biz,19560913,90996671,Joseph,Sanchez,True,Sanchez_7f481
Pedro Mitchell,Pedro_Mitchell@sims.com,19610927,99595743,Pedro,Mitchell,True,Mitchell_31c89
Riley Gomez,Riley_Gomez@hoffman.com,19810211,20838807,Riley,Gomez,True,Gomez_010a6
Shelby Price,Shelby_Price@fuller.net,19860807,74350543,Shelby,Price,True,Price_e8f96
Scott Harris,Scott_Harris@mullins.com,19901214,36307567,Scott,Harris,True,Harris_fc222
Bonnie Franklin,Bonnie_Franklin@gillespie.com,19880714,22008807,Bonnie,Franklin,True,Franklin_f8d94
Ashley Morris,Ashley_Morris@marshall.net,20021001,13085855,Ashley,Morris,True,Morris_73a97
Christopher Stark,Christopher_Stark@blackwell.com,19710307,94716219,Christopher,Stark,True,Stark_91945
Vanessa Johnson,Vanessa_Johnson@barber.com,19601019,89236567,Vanessa,Johnson,True,Johnson_8fef3
Joe Moody,Joe_Moody@johnson-watts.biz,19990405,97781031,Joe,Moody,True,Moody_8d70e
Robert Cabrera,Robert_Cabrera@kim.org,19950706,99768879,Robert,Cabrera,True,Cabrera_1d69f
Jack Jensen,Jack_Jensen@kent-williamson.net,19601229,93571087,Jack,Jensen,True,Jensen_676e2
Daniel Armstrong,Daniel_Armstrong@brown.com,19820714,18991247,Daniel,Armstrong,True,Armstrong_f79a4
Susan Donovan,Susan_Donovan@jordan-anderson.com,19690130,85222335,Susan,Donovan,True,Donovan_6c619
Michael Serrano,Michael_Serrano@turner-maldonado.com,19820711,12792543,Michael,Serrano,True,Serrano_1ec7e
Michael Powell,Michael_Powell@mccall.com,19941127,63894311,Michael,Powell,True,Powell_4f74d
Alexander Lowe,Alexander_Lowe@morris.com,19610508,93074023,Alexander,Lowe,True,Lowe_73be1
Sherry Gonzalez,Sherry_Gonzalez@caldwell.biz,19730314,66744895,Sherry,Gonzalez,True,Gonzalez_345f8
David Brown,David_Brown@jackson-smith.biz,20010922,69082983,David,Brown,True,Brown_e4d2b
Jennifer Vega,Jennifer_Vega@jenkins.net,19710307,66551251,Jennifer,Vega,True,Vega_91945
Denise Glass,Denise_Glass@calderon.org,19820531,77863943,Denise,Glass,True,Glass_a6a8f
Billy Knight,Billy_Knight@thomas.biz,19550127,49833743,Billy,Knight,True,Knight_8ce7c
Lori Zimmerman,Lori_Zimmerman@smith-bradley.biz,19980217,14572007,Lori,Zimmerman,True,Zimmerman_3bb25
Aaron Wilson,Aaron_Wilson@burke-benton.net,19870517,75053391,Aaron,Wilson,True,Wilson_6845c
Evan Bradford,Evan_Bradford@may.biz,19551101,28249239,Evan,Bradford,True,Bradford_d831f
Samuel Lee,Samuel_Lee@gardner-rodriguez.net,19740902,57636831,Samuel,Lee,True,Lee_d3d5c
Rebekah Jackson,Rebekah_Jackson@cook.info,19680514,14674871,Rebekah,Jackson,True,Jackson_feb2c
Jennifer Weaver,Jennifer_Weaver@patterson.com,19781015,74152151,Jennifer,Weaver,True,Weaver_feb81
Mr. Timothy Ortega,Timothy_Ortega@ramos.com,19980104,59312963,Mr. Timothy,Ortega,True,Ortega_17e39
Amber Smith,Amber_Smith@ho.biz,19681229,54476327,Amber,Smith,True,Smith_8b9ee
Leonard Hamilton,Leonard_Hamilton@brown.com,19880229,76082775,Leonard,Hamilton,True,Hamilton_f2276
Kathy Phillips,Kathy_Phillips@floyd.com,19841216,57829247,Kathy,Phillips,True,Phillips_608c9
Derek Romero,Derek_Romero@ramos.org,19670806,35013079,Derek,Romero,True,Romero_ae90e
Danny Simmons,Danny_Simmons@morales.com,19631013,26313911,Danny,Simmons,True,Simmons_cd946
Beth Hall,Beth_Hall@brown.org,19600712,99313667,Beth,Hall,True,Hall_ae8e6
Jennifer Jimenez,Jennifer_Jimenez@morgan.com,19921121,59592559,Jennifer,Jimenez,True,Jimenez_5ed59
John Howell,John_Howell@sims.biz,19590821,77275467,John,Howell,True,Howell_f9406
Wesley Combs,Wesley_Combs@bright-zimmerman.biz,19651230,43019751,Wesley,Combs,True,Combs_37075
Penny Lopez,Penny_Lopez@young-huang.net,19540925,99596291,Penny,Lopez,True,Lopez_7b621
Charles Shields,Charles_Shields@oliver.org,19790407,54884063,Charles,Shields,True,Shields_21876
Christopher Cline,Christopher_Cline@conrad.org,19580228,21240567,Christopher,Cline,True,Cline_b17cc
Victoria Lawson,Victoria_Lawson@snyder.com,19541204,24045823,Victoria,Lawson,True,Lawson_c755d
James Cordova,James_Cordova@rodriguez.info,19580904,94075463,James,Cordova,True,Cordova_fbd7a
Christopher Newman,Christopher_Newman@campbell.info,19950925,93133527,Christopher,Newman,True,Newman_d7b88
Michael Martinez,Michael_Martinez@hogan.net,19521107,40271975,Michael,Martinez,True,Martinez_bc0fc
Kelly Bailey,Kelly_Bailey@cherry.info,19960217,43647431,Kelly,Bailey,True,Bailey_c3f8e
Gregory Lambert,Gregory_Lambert@williams.org,19751007,26598607,Gregory,Lambert,True,Lambert_a115b
Samantha Sullivan,Samantha_Sullivan@cunningham-williams.com,19600423,64913455,Samantha,Sullivan,True,Sullivan_61495
Dr. Paul Jones,Paul_Jones@clark-irwin.com,19940215,91301999,Dr. Paul,Jones,True,Jones_f903f
Danielle Tran,Danielle_Tran@mann.com,19880826,85246679,Danielle,Tran,True,Tran_40aaa
Jeff Freeman,Jeff_Freeman@guzman.com,20030520,13590655,Jeff,Freeman,True,Freeman_35a3d
Justin White,Justin_White@lucas-moore.info,20010721,34278303,Justin,White,True,White_8c0aa
Rachel Browning,Rachel_Browning@smith.info,19611017,19703607,Rachel,Browning,True,Browning_9332a
Marissa Jones,Marissa_Jones@lewis.net,19580806,32094119,Marissa,Jones,True,Jones_cdd9f
Elijah Roy,Elijah_Roy@jones-baldwin.com,19870705,57159015,Elijah,Roy,True,Roy_57ef7
John Fernandez Jr.,John_Fernandez@may.org,19800530,17232207,John Fernandez,Jr.,True,Jr._f6199
Courtney Simpson,Courtney_Simpson@preston-cantrell.com,19731103,77314887,Courtney,Simpson,True,Simpson_7383f
Kimberly Hopkins,Kimberly_Hopkins@adams.com,19931022,67364511,Kimberly,Hopkins,True,Hopkins_56d12
William King,William_King@cline-allen.com,19841115,21561215,William,King,True,King_4ae33
Christopher Lester,Christopher_Lester@keller.org,19540405,79532575,Christopher,Lester,True,Lester_e6d60
Stephanie Robertson,Stephanie_Robertson@owen-rodriguez.com,20020805,75259367,Stephanie,Robertson,True,Robertson_c09d4
Rickey Hill,Rickey_Hill@parker-cohen.com,19640430,56465207,Rickey,Hill,True,Hill_bd6cc
Erika Stewart,Erika_Stewart@solis.com,19851226,83552695,Erika,Stewart,True,Stewart_40f40
Gregory Allen,Gregory_Allen@stanley.net,19780122,48871907,Gregory,Allen,True,Allen_c7f06
Alicia Dean,Alicia_Dean@leon.org,19820716,32173895,Alicia,Dean,True,Dean_a395c
Christina Johnson,Christina_Johnson@clark.com,20010622,30262983,Christina,Johnson,True,Johnson_5dcd5
Valerie Boyd PhD,Valerie_Boyd@marshall-ross.info,20010327,28593615,Valerie Boyd,PhD,True,PhD_6e920
Jimmy Hall,Jimmy_Hall@spence-knapp.biz,19550930,45553567,Jimmy,Hall,True,Hall_220f8
Kelli Wells,Kelli_Wells@jones.com,19540308,27406215,Kelli,Wells,True,Wells_5c2c0
Gary Murphy,Gary_Murphy@singleton.info,19991012,96047135,Gary,Murphy,True,Murphy_85129
Nathan Archer,Nathan_Archer@gray.com,19560723,72954367,Nathan,Archer,True,Archer_c6232
Andrew Gibson,Andrew_Gibson@yu-richardson.org,19530908,15513119,Andrew,Gibson,True,Gibson_af2a9
Ian Deleon,Ian_Deleon@mullins-espinoza.org,19860307,36389911,Ian,Deleon,True,Deleon_db554
Michael Kline,Michael_Kline@phelps-alvarez.com,19650623,20968343,Michael,Kline,True,Kline_6fe75
Jay Merritt,Jay_Merritt@patterson.org,19841017,46065855,Jay,Merritt,True,Merritt_2aa87
Joseph Acosta,Joseph_Acosta@hansen.biz,19670418,44115387,Joseph,Acosta,True,Acosta_c819e
Joshua Rodriguez,Joshua_Rodriguez@thornton-benitez.com,19530317,27953967,Joshua,Rodriguez,True,Rodriguez_1eec6
James Rodriguez,James_Rodriguez@logan.com,19810717,50981423,James,Rodriguez,True,Rodriguez_a7ea3
Robert Ortega,Robert_Ortega@perez.com,19600316,57040695,Robert,Ortega,True,Ortega_7f647
Teresa Ruiz,Teresa_Ruiz@holmes.com,19510904,22432447,Teresa,Ruiz,True,Ruiz_e89df
Madison Mejia,Madison_Mejia@sims.com,19530323,73824679,Madison,Mejia,True,Mejia_10b0a
Brittany Joyce,Brittany_Joyce@thomas.biz,19601114,65804583,Brittany,Joyce,True,Joyce_342d3
James Bailey,James_Bailey@flynn.net,19861007,26146743,James,Bailey,True,Bailey_b3b3b
Mary Perry,Mary_Perry@williams.net,19730808,57879711,Mary,Perry,True,Perry_e8625
Crystal Jones,Crystal_Jones@webb.com,19620914,39588047,Crystal,Jones,True,Jones_85733
Aaron Brown,Aaron_Brown@yates.com,19860502,43815191,Aaron,Brown,True,Brown_9035e
Kathleen Flynn,Kathleen_Flynn@boyd-king.biz,19870913,93605471,Kathleen,Flynn,True,Flynn_5b7fe
Brian Contreras,Brian_Contreras@hill.net,19650708,89794399,Brian,Contreras,True,Contreras_91010
Tanya Barajas,Tanya_Barajas@davis.com,19740430,92793871,Tanya,Barajas,True,Barajas_c09f8
Ashley Frost,Ashley_Frost@brown-hill.com,19521020,16473423,Ashley,Frost,True,Frost_ddfa1
Samantha Rasmussen,Samantha_Rasmussen@stokes-leon.com,19940621,26634223,Samantha,Rasmussen,True,Rasmussen_0fcc4
Erica Weber,Erica_Weber@harris-fox.com,19930809,20074939,Erica,Weber,True,Weber_b3165
Amanda Campbell,Amanda_Campbell@parker.com,19810324,21954431,Amanda,Campbell,True,Campbell_fe47b
Dawn Miranda,Dawn_Miranda@werner.info,19550922,59274615,Dawn,Miranda,True,Miranda_c4610
Vincent Martin,Vincent_Martin@wright-lee.com,19840124,55457087,Vincent,Martin,True,Martin_92713
Tony Crawford,Tony_Crawford@moore.com,19870818,15997263,Tony,Crawford,True,Crawford_a2a35
Randy Sullivan,Randy_Sullivan@perez.net,19611025,15665967,Randy,Sullivan,True,Sullivan_7d828
Erica Pruitt,Erica_Pruitt@ross-lamb.biz,19800923,31838831,Erica,Pruitt,True,Pruitt_93ad0
Kimberly Thompson,Kimberly_Thompson@brewer-walters.net,20001211,88531623,Kimberly,Thompson,True,Thompson_77cc8
William Hopkins,William_Hopkins@snyder.com,20010104,12277875,William,Hopkins,True,Hopkins_cfbfa
Martin Compton,Martin_Compton@morgan.com,19840602,42037887,Martin,Compton,True,Compton_395a9
Hayley Gibson,Hayley_Gibson@calderon.info,19990812,50365367,Hayley,Gibson,True,Gibson_3c4f9
Anthony Gross,Anthony_Gross@pratt.com,19660423,92193723,Anthony,Gross,True,Gross_9a287
Kenneth Cortez,Kenneth_Cortez@lewis.biz,20000518,39338615,Kenneth,Cortez,True,Cortez_2aba0
Tracy Brown,Tracy_Brown@joyce.com,19720823,26044711,Tracy,Brown,True,Brown_8baf8
Joshua Jones,Joshua_Jones@hanson.biz,19810920,30317003,Joshua,Jones,True,Jones_4d770
Brenda Turner,Brenda_Turner@hampton.org,19550726,94128415,Brenda,Turner,True,Turner_f9621
James Stanley,James_Stanley@beltran.com,20011008,51351887,James,Stanley,True,Stanley_a95cd
Matthew Brown,Matthew_Brown@owens.org,19720606,21970879,Matthew,Brown,True,Brown_743de
Norma Jenkins,Norma_Jenkins@larson.com,19570323,78071863,Norma,Jenkins,True,Jenkins_e5537
Christopher Greene,Christopher_Greene@berry.org,19880101,82039695,Christopher,Greene,True,Greene_ff18a
Leslie Preston,Leslie_Preston@johns.com,19720510,71892959,Leslie,Preston,True,Preston_d0922
Crystal Valdez,Crystal_Valdez@stewart-randolph.com,20030802,65598575,Crystal,Valdez,True,Valdez_ddc44
Jay Parker,Jay_Parker@fowler.net,19930930,57583783,Jay,Parker,True,Parker_311d6
Lance Williams,Lance_Williams@williams.net,19730807,19310567,Lance,Williams,True,Williams_44d67
Carl Taylor,Carl_Taylor@melendez.com,19750112,27075015,Carl,Taylor,True,Taylor_10cf5
Christian Peterson,Christian_Peterson@arnold.biz,19760222,41536527,Christian,Peterson,True,Peterson_b235a
Brenda Dean,Brenda_Dean@allison-hill.com,19690215,55037019,Brenda,Dean,True,Dean_33bcc
Kathleen Allen,Kathleen_Allen@cook.com,19860113,38829559,Kathleen,Allen,True,Allen_b02ca
Patricia Olsen,Patricia_Olsen@haynes-blankenship.com,19981124,70673187,Patricia,Olsen,True,Olsen_98e22
Marie Lamb,Marie_Lamb@hampton.com,19790410,26841263,Marie,Lamb,True,Lamb_5dc6d
Nathan Flores,Nathan_Flores@gibbs.net,19790409,86883135,Nathan,Flores,True,Flores_a43fb
Brandon Gonzalez,Brandon_Gonzalez@moore.info,19620131,80247655,Brandon,Gonzalez,True,Gonzalez_a73bb
Chase Reed,Chase_Reed@robbins.info,19580821,58795239,Chase,Reed,True,Reed_d45f4
Timothy Nichols,Timothy_Nichols@smith.biz,19680601,76207631,Timothy,Nichols,True,Nichols_5f34b
Ashley Caldwell,Ashley_Caldwell@mason-bryant.com,19880903,13420663,Ashley,Caldwell,True,Caldwell_aa013
David Frank,David_Frank@reyes-thomas.com,19680928,31192639,David,Frank,True,Frank_97c93
William Dunn,William_Dunn@wilkins.info,19570101,57063847,William,Dunn,True,Dunn_e5398
Jon James,Jon_James@owens.biz,19750120,53852103,Jon,James,True,James_0b802
Heather Boyle,Heather_Boyle@lopez.com,20030301,91679575,Heather,Boyle,True,Boyle_b1a10
Lindsay Brewer,Lindsay_Brewer@brown-stewart.info,19530818,38137071,Lindsay,Brewer,True,Brewer_a5019
Renee Martin,Renee_Martin@crawford-walker.com,19810421,55803823,Renee,Martin,True,Martin_caab2
Shelly Warren,Shelly_Warren@patterson-knight.info,19560812,11973823,Shelly,Warren,True,Warren_f5e11
Keith Parker,Keith_Parker@moore.com,19640826,40120471,Keith,Parker,True,Parker_0793e
Thomas Turner,Thomas_Turner@boyer-santos.info,19730528,12514951,Thomas,Turner,True,Turner_cf891
Ernest Blake,Ernest_Blake@long.com,19990621,27155511,Ernest,Blake,True,Blake_ed155
Edward Pearson,Edward_Pearson@hester-richardson.info,19880227,49439343,Edward,Pearson,True,Pearson_19b26
Melissa Levy,Melissa_Levy@arroyo.com,19500330,51842935,Melissa,Levy,True,Levy_bef91
Brandon Powell,Brandon_Powell@craig-gonzales.net,19760606,43375815,Brandon,Powell,True,Powell_fe4b6
Vanessa Alvarez,Vanessa_Alvarez@allen.org,20000924,42263183,Vanessa,Alvarez,True,Alvarez_579c3
Lisa Holloway MD,Lisa_Holloway@brown.com,19720102,73751431,Lisa Holloway,MD,True,MD_485d0
Kimberly Stone,Kimberly_Stone@murphy-bryant.com,19940512,25323999,Kimberly,Stone,True,Stone_1d9aa
Adam Jones,Adam_Jones@ashley.com,19730316,55082935,Adam,Jones,True,Jones_575ba
Michael Smith,Michael_Smith@mccarthy-hayes.info,19680424,13638487,Michael,Smith,True,Smith_1c856
Richard Tucker,Richard_Tucker@murphy.com,19710625,53838335,Richard,Tucker,True,Tucker_0eb60
Elizabeth Andersen,Elizabeth_Andersen@baker.com,19740123,69096535,Elizabeth,Andersen,True,Andersen_61066
Monique Thompson,Monique_Thompson@davis.biz,19960715,69671135,Monique,Thompson,True,Thompson_30052
Destiny Lutz,Destiny_Lutz@thompson-wright.com,19940412,87853607,Destiny,Lutz,True,Lutz_3427f
Brandy Allen,Brandy_Allen@hardy-griffin.com,19810113,92130799,Brandy,Allen,True,Allen_54dd1
Stephanie Decker,Stephanie_Decker@barrett.net,19770905,92626639,Stephanie,Decker,True,Decker_0c2ca
Michelle Keller,Michelle_Keller@johnson.com,19510607,56139711,Michelle,Keller,True,Keller_80065
Loretta Haynes,Loretta_Haynes@stewart.info,19891215,73871583,Loretta,Haynes,True,Haynes_ac7ab
Stacey Yates,Stacey_Yates@lewis.com,19921208,30115967,Stacey,Yates,True,Yates_0613f
Sue Lee,Sue_Lee@rojas.com,19860829,97367575,Sue,Lee,True,Lee_f9df7
Anna Long,Anna_Long@coleman.com,19740316,52566967,Anna,Long,True,Long_850ab
Annette Watson,Annette_Watson@brown-brennan.com,19580423,67851175,Annette,Watson,True,Watson_6dc0c
Robert Perez,Robert_Perez@anderson-shaw.net,19690528,38876643,Robert,Perez,True,Perez_6ff11
Beverly Leon,Beverly_Leon@vance.info,19931108,50638447,Beverly,Leon,True,Leon_02485
James Thomas,James_Thomas@torres.net,19520509,58718239,James,Thomas,True,Thomas_6cc50
Kelli Olson,Kelli_Olson@campbell.net,19960723,50265023,Kelli,Olson,True,Olson_50aa7
Nicholas Hughes,Nicholas_Hughes@reed-wilson.org,19620408,27277679,Nicholas,Hughes,True,Hughes_c8092
Wesley Lowery,Wesley_Lowery@suarez.biz,19980620,33838415,Wesley,Lowery,True,Lowery_c4680
Becky Reid,Becky_Reid@vargas.net,19751027,37025287,Becky,Reid,True,Reid_1bdd4
Corey Mitchell,Corey_Mitchell@turner-thompson.org,19560302,65463735,Corey,Mitchell,True,Mitchell_14c43
Wesley Shaw,Wesley_Shaw@henderson-gibson.com,19830121,76819471,Wesley,Shaw,True,Shaw_afe1c
Pamela Boyd,Pamela_Boyd@freeman.com,19680628,25030751,Pamela,Boyd,True,Boyd_94bd7
Jeremy Lewis,Jeremy_Lewis@murray.com,19530107,44159519,Jeremy,Lewis,True,Lewis_644d9
Jennifer Garza,Jennifer_Garza@herrera-klein.com,19890603,31999455,Jennifer,Garza,True,Garza_be6d1
Larry Wilson,Larry_Wilson@perry.com,19670221,56158527,Larry,Wilson,True,Wilson_0ce7d
Joshua Thompson,Joshua_Thompson@morrow.com,19840830,98999803,Joshua,Thompson,True,Thompson_9e058
Chelsea Chen,Chelsea_Chen@coleman-haney.biz,19870405,63416567,Chelsea,Chen,True,Chen_1d003
Dennis Williams,Dennis_Williams@rivas.com,19661107,93993079,Dennis,Williams,True,Williams_874b3
Karen Morton,Karen_Morton@romero.com,19910410,36838791,Karen,Morton,True,Morton_e4bde
Melinda Fitzpatrick,Melinda_Fitzpatrick@davis.info,19620408,32113511,Melinda,Fitzpatrick,True,Fitzpatrick_c8092
Joseph Perry,Joseph_Perry@tucker.com,19510616,16254071,Joseph,Perry,True,Perry_b530f
Victoria Moore,Victoria_Moore@ramirez.biz,19920116,63232827,Victoria,Moore,True,Moore_870e3
Heather Herman,Heather_Herman@williams-lindsey.com,19710606,97877423,Heather,Herman,True,Herman_0ab62
Travis Johnson,Travis_Johnson@miller-rivera.org,19960805,56146735,Travis,Johnson,True,Johnson_76064
Laura Lopez,Laura_Lopez@rodriguez.com,19901221,72627367,Laura,Lopez,True,Lopez_ea347
Joel Webb,Joel_Webb@solis-swanson.com,19891009,37839071,Joel,Webb,True,Webb_5b693
Donna Malone,Donna_Malone@brown.com,19521007,89038207,Donna,Malone,True,Malone_73ad1
Mr. Jeff Wilson,Jeff_Wilson@booker.biz,19501207,20197287,Mr. Jeff,Wilson,True,Wilson_28099
Reginald Barnes,Reginald_Barnes@walker-robinson.com,19730214,19884399,Reginald,Barnes,True,Barnes_f462c
Kayla Brown,Kayla_Brown@pierce.info,19891018,54681543,Kayla,Brown,True,Brown_1ccca
Brett House,Brett_House@rose-clarke.com,19841126,98114087,Brett,House,True,House_3cb13
Robert Weaver,Robert_Weaver@young-leonard.com,19820218,39131199,Robert,Weaver,True,Weaver_201e1
Beth Martinez,Beth_Martinez@johnson.com,19681225,87909191,Beth,Martinez,True,Martinez_204f4
Nicole Small,Nicole_Small@nolan-randall.com,19570414,82553335,Nicole,Small,True,Small_09b68
Anthony Cline,Anthony_Cline@rivera-collier.net,19890125,64231171,Anthony,Cline,True,Cline_d04f7
Spencer Ware,Spencer_Ware@montgomery-lane.com,19801009,74599951,Spencer,Ware,True,Ware_0b5e6
Willie Erickson,Willie_Erickson@bartlett.com,19910110,53673855,Willie,Erickson,True,Erickson_3df9d
Robert Howard,Robert_Howard@kim.info,19670717,80566095,Robert,Howard,True,Howard_a8620
Katherine Smith,Katherine_Smith@bean-king.org,20031029,44340415,Katherine,Smith,True,Smith_9fa58
Mariah Garrison,Mariah_Garrison@hogan.biz,19971215,31527511,Mariah,Garrison,True,Garrison_6662e
Daniel Nguyen,Daniel_Nguyen@mccall.com,19590903,37673823,Daniel,Nguyen,True,Nguyen_6a5e7
Tiffany Brown,Tiffany_Brown@stout-thompson.com,20030217,27755951,Tiffany,Brown,True,Brown_1d91b
Daniel Brown,Daniel_Brown@williams-schneider.biz,19650228,38844959,Daniel,Brown,True,Brown_5a1c6
Madeline Sandoval,Madeline_Sandoval@schultz-duncan.biz,19870204,32032871,Madeline,Sandoval,True,Sandoval_7afaf
Robert Dickerson,Robert_Dickerson@howard.biz,19570725,43682807,Robert,Dickerson,True,Dickerson_1afe6
Leonard Martinez,Leonard_Martinez@mcbride.com,19560922,14452319,Leonard,Martinez,True,Martinez_7564a
Jamie Higgins,Jamie_Higgins@francis.org,19611014,27639911,Jamie,Higgins,True,Higgins_d6968
Thomas Forbes,Thomas_Forbes@beck.com,19591023,25036935,Thomas,Forbes,True,Forbes_60d80
Robert Stephens,Robert_Stephens@lopez.com,20000619,92784815,Robert,Stephens,True,Stephens_5a6e3
Kevin Mayo,Kevin_Mayo@pope-jones.com,19761029,76234311,Kevin,Mayo,True,Mayo_d6f2e
Jennifer Evans,Jennifer_Evans@gonzalez.org,19730302,72801079,Jennifer,Evans,True,Evans_bc26e
Daniel Chen,Daniel_Chen@little.com,19520716,46750383,Daniel,Chen,True,Chen_7d3b1
Samuel Dalton,Samuel_Dalton@marquez.com,19960916,75194711,Samuel,Dalton,True,Dalton_32ce4
Rebecca Gallagher MD,Rebecca_Gallagher@miller-carter.org,19670916,48595111,Rebecca Gallagher,MD,True,MD_35232
Heather Bennett,Heather_Bennett@hamilton-blair.com,20020105,64795847,Heather,Bennett,True,Bennett_dcbc8
Joshua King,Joshua_King@hale.net,20000106,99342223,Joshua,King,True,King_89592
Jasmine Flores,Jasmine_Flores@collins.info,19561004,21325447,Jasmine,Flores,True,Flores_3b7a4
Randy Moyer,Randy_Moyer@jennings-brown.com,20030617,32958939,Randy,Moyer,True,Moyer_839f3
Crystal Blake,Crystal_Blake@parker.com,19701117,97878511,Crystal,Blake,True,Blake_e7660
Beth Morales,Beth_Morales@leon-mayer.info,19860530,22507695,Beth,Morales,True,Morales_9779b
Heather Combs,Heather_Combs@powell.com,19590428,18518647,Heather,Combs,True,Combs_2d19f
Joseph Wilson,Joseph_Wilson@rogers.biz,19891210,36511255,Joseph,Wilson,True,Wilson_f5df7
Amanda Evans,Amanda_Evans@cox.com,19590224,92559519,Amanda,Evans,True,Evans_62a52
Trevor Valenzuela,Trevor_Valenzuela@cline-espinoza.info,19910911,67310711,Trevor,Valenzuela,True,Valenzuela_0342c
Sergio Day,Sergio_Day@guzman-garrett.com,19510531,27091295,Sergio,Day,True,Day_69b70
Julie Boyd,Julie_Boyd@white-george.com,19690906,47949079,Julie,Boyd,True,Boyd_9e514
Tara Barnes,Tara_Barnes@shepherd.com,19540801,42232079,Tara,Barnes,True,Barnes_bc727
Logan Watkins,Logan_Watkins@hernandez.com,20000511,87081215,Logan,Watkins,True,Watkins_c9964
Steven Ortiz,Steven_Ortiz@hamilton.com,19670605,15073183,Steven,Ortiz,True,Ortiz_c84c2
Lisa Marquez,Lisa_Marquez@day-smith.com,19710326,18443671,Lisa,Marquez,True,Marquez_7aa36
Sergio Hughes,Sergio_Hughes@cardenas.com,19810309,86954943,Sergio,Hughes,True,Hughes_0c3d2
Destiny Rojas,Destiny_Rojas@stanton.com,19860121,27351983,Destiny,Rojas,True,Rojas_1f285
Danny Lewis,Danny_Lewis@turner.com,19521225,41036747,Danny,Lewis,True,Lewis_07faf
Jennifer Martin,Jennifer_Martin@moore.com,19830527,83212175,Jennifer,Martin,True,Martin_82381
Arthur Chandler,Arthur_Chandler@martin.com,19610210,18438007,Arthur,Chandler,True,Chandler_4ab75
Cheryl Crosby,Cheryl_Crosby@bowman-potter.com,19580930,54032091,Cheryl,Crosby,True,Crosby_9b4b3
Ronald Hudson,Ronald_Hudson@carson.com,19511003,66192423,Ronald,Hudson,True,Hudson_01af1
Derek Wolf,Derek_Wolf@hill.biz,20030618,63113543,Derek,Wolf,True,Wolf_911ec
Jennifer Lee,Jennifer_Lee@guerra-lopez.com,19500104,35305031,Jennifer,Lee,True,Lee_d7999
Gregory Yoder,Gregory_Yoder@robinson-johnson.com,19530620,75705319,Gregory,Yoder,True,Yoder_70108
Carolyn Harmon,Carolyn_Harmon@watts-horn.com,19980124,55977599,Carolyn,Harmon,True,Harmon_69598
Dr. Christopher Harrell,Christopher_Harrell@lindsey.com,19700630,52999479,Dr. Christopher,Harrell,True,Harrell_7257b
Kevin Johnson,Kevin_Johnson@rogers.com,19930802,15154639,Kevin,Johnson,True,Johnson_a67f3
Michael Harrison,Michael_Harrison@franklin.com,19510819,29087871,Michael,Harrison,True,Harrison_087c8
Megan Montoya,Megan_Montoya@perez-rice.org,19780907,29894903,Megan,Montoya,True,Montoya_b67c7
Samantha George,Samantha_George@golden.info,19890331,58989271,Samantha,George,True,George_60252
Terry Moore,Terry_Moore@barker-ayers.com,19870615,19828167,Terry,Moore,True,Moore_c62aa
James Rogers,James_Rogers@green.net,19930704,65821255,James,Rogers,True,Rogers_656af
Kathleen Tran,Kathleen_Tran@wilson.net,19740211,20044927,Kathleen,Tran,True,Tran_b0eca
Bryan Martinez,Bryan_Martinez@bennett-mitchell.info,19610406,45478631,Bryan,Martinez,True,Martinez_223e6
Jacqueline Conway,Jacqueline_Conway@robinson-carson.com,19710617,91842383,Jacqueline,Conway,True,Conway_ae427
Chad Clark,Chad_Clark@hodges.com,19610919,54277383,Chad,Clark,True,Clark_35061
Maxwell Cole,Maxwell_Cole@larson.com,19510203,41796463,Maxwell,Cole,True,Cole_92aa4
Bethany Williamson,Bethany_Williamson@flores.com,19540310,40227935,Bethany,Williamson,True,Williamson_2b72a
Joseph Wright,Joseph_Wright@powell.net,19570521,40768583,Joseph,Wright,True,Wright_f1b73
Thomas Rogers,Thomas_Rogers@banks-perkins.net,19970819,36072875,Thomas,Rogers,True,Rogers_3818b
Jenny Lewis,Jenny_Lewis@flores.com,19970706,62475987,Jenny,Lewis,True,Lewis_11948
Heidi Bolton,Heidi_Bolton@spencer.com,19560616,58079023,Heidi,Bolton,True,Bolton_06e0a
Daniel Lewis,Daniel_Lewis@robertson.com,19770205,48084439,Daniel,Lewis,True,Lewis_e0082
Dale Ramirez,Dale_Ramirez@patton.com,19550323,59875791,Dale,Ramirez,True,Ramirez_63293
Carol Sharp,Carol_Sharp@garcia-lamb.com,19750312,18014567,Carol,Sharp,True,Sharp_7f0b3
Joseph Buck,Joseph_Buck@jacobs.com,19520311,34270063,Joseph,Buck,True,Buck_542b9
Lynn Anderson,Lynn_Anderson@williams-carter.com,19960113,75488911,Lynn,Anderson,True,Anderson_542fb
Andrew Gallagher,Andrew_Gallagher@frank.org,19600921,19919923,Andrew,Gallagher,True,Gallagher_490a6
James Frost,James_Frost@graves.biz,19560322,30684495,James,Frost,True,Frost_83e31
Emily Graham,Emily_Graham@santos-rivera.biz,19741102,40238535,Emily,Graham,True,Graham_bd397
Emily Andrews,Emily_Andrews@reyes-singh.com,19550427,20594859,Emily,Andrews,True,Andrews_bbb39
Sarah Harris,Sarah_Harris@thomas-sanchez.com,20010530,52442775,Sarah,Harris,True,Harris_526ca
Tina Wood,Tina_Wood@schultz.org,19990824,51264359,Tina,Wood,True,Wood_e9467
Victor Owens,Victor_Owens@collins.com,19960815,53064383,Victor,Owens,True,Owens_620f1
Kimberly Koch,Kimberly_Koch@rodriguez.net,19870125,35893839,Kimberly,Koch,True,Koch_43971
Allison Obrien,Allison_Obrien@bailey-sanders.com,19620423,81154631,Allison,Obrien,True,Obrien_00e34
John Rogers,John_Rogers@oneill.com,19710905,21046575,John,Rogers,True,Rogers_160f6
Laura Bailey,Laura_Bailey@snyder.com,19700811,56551543,Laura,Bailey,True,Bailey_13f67
Janet Collins,Janet_Collins@farrell.com,19840721,89424095,Janet,Collins,True,Collins_120bd
Kathy White,Kathy_White@wang.info,20000615,91622367,Kathy,White,True,White_fae51
Trevor Brown,Trevor_Brown@stokes.info,19691030,45715591,Trevor,Brown,True,Brown_2e40b
Brandon Murphy,Brandon_Murphy@luna.info,19550409,33155895,Brandon,Murphy,True,Murphy_b47e0
Paul Ward,Paul_Ward@sanchez-larsen.org,19550908,19119523,Paul,Ward,True,Ward_a0e70
Kristin Lawson,Kristin_Lawson@salinas.com,19760111,36661711,Kristin,Lawson,True,Lawson_cbf97
James Castaneda,James_Castaneda@miller-hart.com,19640126,64715807,James,Castaneda,True,Castaneda_7660a
Michael Middleton,Michael_Middleton@williams-zamora.com,19810804,85114431,Michael,Middleton,True,Middleton_02dfc
Robert Ortiz,Robert_Ortiz@saunders-hunter.com,19761108,80296223,Robert,Ortiz,True,Ortiz_66abd
Doris Meyer,Doris_Meyer@sullivan.org,19720902,22782935,Doris,Meyer,True,Meyer_cf219
Connie Harper,Connie_Harper@lewis.com,19950627,21369119,Connie,Harper,True,Harper_709ac
Tyler Parker,Tyler_Parker@sheppard.org,19541202,29910975,Tyler,Parker,True,Parker_2b641
Debbie Burns,Debbie_Burns@salinas.com,19830806,95570935,Debbie,Burns,True,Burns_f2b3a
Kyle Morales,Kyle_Morales@perry.info,19991113,32120287,Kyle,Morales,True,Morales_d8cee
Gabriel Preston,Gabriel_Preston@black.com,19961120,88336263,Gabriel,Preston,True,Preston_b6298
Megan Sullivan,Megan_Sullivan@miller-ryan.org,19550223,31498887,Megan,Sullivan,True,Sullivan_40445
Steven Hodges,Steven_Hodges@sanchez-phillips.com,19510903,65795715,Steven,Hodges,True,Hodges_0c95a
Brandon Orozco,Brandon_Orozco@greene.com,19870717,59988495,Brandon,Orozco,True,Orozco_02d2b
Kari Nguyen,Kari_Nguyen@farley.com,19991119,47980591,Kari,Nguyen,True,Nguyen_6f546
Mr. Joshua Ellis Jr.,Joshua_Ellis@gonzalez.biz,19960226,26531367,Mr. Joshua Ellis,Jr.,True,Jr._544ce
Briana Vega,Briana_Vega@potter-gomez.biz,19650828,45994079,Briana,Vega,True,Vega_98495
Brittany Hill,Brittany_Hill@rogers-hoffman.com,19870605,90817791,Brittany,Hill,True,Hill_2c87a
Carrie Martinez,Carrie_Martinez@hendrix.com,19740124,96107743,Carrie,Martinez,True,Martinez_a7c33
Jeffery Hill,Jeffery_Hill@cook-lloyd.com,19591223,26071551,Jeffery,Hill,True,Hill_e24f9
Jessica Clark,Jessica_Clark@livingston.biz,19821217,56001455,Jessica,Clark,True,Clark_0bb22
Linda White,Linda_White@moore.com,19751015,84876711,Linda,White,True,White_e9960
Jake Spencer,Jake_Spencer@murphy.com,20020509,53533879,Jake,Spencer,True,Spencer_c21d7
Joseph Chan,Joseph_Chan@hutchinson-gutierrez.com,19660922,19544079,Joseph,Chan,True,Chan_f9d1e
Sara Dominguez,Sara_Dominguez@delgado.com,19860220,69114407,Sara,Dominguez,True,Dominguez_40133
Gabriel Short,Gabriel_Short@fitzgerald-atkinson.org,19860901,93491919,Gabriel,Short,True,Short_9127e
Kathleen Ali,Kathleen_Ali@horn-rogers.com,19960602,45338687,Kathleen,Ali,True,Ali_a2746
Danielle Stephens,Danielle_Stephens@miller.net,19610929,16838823,Danielle,Stephens,True,Stephens_baaae
Steve Ellis,Steve_Ellis@barton.info,19651213,55567535,Steve,Ellis,True,Ellis_7b029
Mrs. Sarah Rios,Sarah_Rios@winters.org,19691223,77288975,Mrs. Sarah,Rios,True,Rios_86530
Ann Wolf,Ann_Wolf@wilkins.com,19801112,26916187,Ann,Wolf,True,Wolf_dbc29
Brianna Schaefer,Brianna_Schaefer@nelson-mcmahon.com,19761203,34700887,Brianna,Schaefer,True,Schaefer_ac7f3
Gwendolyn Lane,Gwendolyn_Lane@higgins.biz,19550928,82893815,Gwendolyn,Lane,True,Lane_41295
Angela Morris,Angela_Morris@murray.com,19760702,89409391,Angela,Morris,True,Morris_9ba0c
Christopher Smith,Christopher_Smith@martinez-bradley.biz,19720128,45772799,Christopher,Smith,True,Smith_9e4e9
Victoria Jones,Victoria_Jones@camacho.org,19810310,60715727,Victoria,Jones,True,Jones_f0e85
Andre West,Andre_West@herrera-rowe.biz,19571117,11479343,Andre,West,True,West_19736
Cristian Kelley,Cristian_Kelley@taylor-colon.net,19510108,22272647,Cristian,Kelley,True,Kelley_f3101
Jeffrey Turner,Jeffrey_Turner@robinson.com,19840112,30152387,Jeffrey,Turner,True,Turner_a2281
Jesse Perry,Jesse_Perry@marsh.net,19691013,45471479,Jesse,Perry,True,Perry_1c3c6
Ricardo Cruz,Ricardo_Cruz@salazar-manning.com,19780205,83436279,Ricardo,Cruz,True,Cruz_7bf56
Jessica Smith,Jessica_Smith@walsh-steele.com,19510531,97984639,Jessica,Smith,True,Smith_69b70
Michael Hall,Michael_Hall@johnson.biz,19570616,41115111,Michael,Hall,True,Hall_8de8e
Marcus Villarreal,Marcus_Villarreal@parsons-rogers.info,19561228,25199927,Marcus,Villarreal,True,Villarreal_ea2af
Brenda Long,Brenda_Long@carter.net,19510914,45992583,Brenda,Long,True,Long_f0fca
Megan Taylor,Megan_Taylor@montgomery.com,19930510,12610975,Megan,Taylor,True,Taylor_757b6
Kelly Morales,Kelly_Morales@sanchez.com,19800227,44799815,Kelly,Morales,True,Morales_3cabc
Sheri Johnson,Sheri_Johnson@lucas.com,19880422,34118127,Sheri,Johnson,True,Johnson_5c594
Melissa Riley,Melissa_Riley@murray.biz,19650818,23879991,Melissa,Riley,True,Riley_04574
Joshua Brown,Joshua_Brown@smith.biz,19621212,90875247,Joshua,Brown,True,Brown_6f7bf
Lori Pacheco,Lori_Pacheco@ayala.com,19620630,94662495,Lori,Pacheco,True,Pacheco_7ccf5
Sandra Schmidt,Sandra_Schmidt@herrera.com,19590711,50638143,Sandra,Schmidt,True,Schmidt_be25c
Ms. Rachel Hill,Rachel_Hill@gutierrez.com,19541202,55824367,Ms. Rachel,Hill,True,Hill_2b641
George Clark,George_Clark@hardin.biz,19650625,92490103,George,Clark,True,Clark_47c72
Emily Case,Emily_Case@lewis.com,19850508,90216215,Emily,Case,True,Case_1fe51
Seth Alvarez,Seth_Alvarez@conrad.com,19800108,90929927,Seth,Alvarez,True,Alvarez_af321
Jose Reyes,Jose_Reyes@garcia.com,19700929,94563263,Jose,Reyes,True,Reyes_0a636
Corey Russo,Corey_Russo@ramirez-williams.org,19560501,61159511,Corey,Russo,True,Russo_0a99e
Zachary Le,Zachary_Le@whitaker.com,19851028,56441999,Zachary,Le,True,Le_44e84
Rhonda Anthony,Rhonda_Anthony@lawson.com,19740915,12850551,Rhonda,Anthony,True,Anthony_91ec3
Joseph Hill,Joseph_Hill@rodriguez-newton.com,20020923,89902687,Joseph,Hill,True,Hill_0d4d9
Erin Davis,Erin_Davis@sanchez.net,19600917,22992863,Erin,Davis,True,Davis_dbcb2
Lucas Brown,Lucas_Brown@miller.com,19891101,34675679,Lucas,Brown,True,Brown_1ebf8
William Garcia,William_Garcia@powell.com,19850912,25729991,William,Garcia,True,Garcia_72e9b
Anthony Mills,Anthony_Mills@chang.org,19831003,16676751,Anthony,Mills,True,Mills_02d28
Lauren Swanson,Lauren_Swanson@pena-pierce.com,19610921,85204407,Lauren,Swanson,True,Swanson_b3ea5
John Frank,John_Frank@martin.com,19500519,42691023,John,Frank,True,Frank_4dfb9
Tony Perry,Tony_Perry@lewis-holland.com,19730910,11231827,Tony,Perry,True,Perry_d9da1
Nicole Schmidt,Nicole_Schmidt@stephens.com,19651109,86157423,Nicole,Schmidt,True,Schmidt_54bf2
Nathan Gray,Nathan_Gray@scott-gonzalez.com,19960618,48983767,Nathan,Gray,True,Gray_15cd6
Julia Chapman,Julia_Chapman@davis-lee.info,19800101,88719991,Julia,Chapman,True,Chapman_02c5b
Nichole Delgado,Nichole_Delgado@dixon-cruz.com,19720305,60338223,Nichole,Delgado,True,Delgado_f68ba
Raven Ford,Raven_Ford@mcdowell.com,19960213,13519207,Raven,Ford,True,Ford_36701
Kelly Hunter,Kelly_Hunter@fuller.info,19870507,46516271,Kelly,Hunter,True,Hunter_d0fea
Jessica Hawkins,Jessica_Hawkins@cooper-hall.org,19711224,98100079,Jessica,Hawkins,True,Hawkins_43c48
Marcus Rodriguez,Marcus_Rodriguez@jones.com,19690511,23424599,Marcus,Rodriguez,True,Rodriguez_3a35b
Sarah Reed,Sarah_Reed@lane.biz,19960709,26466911,Sarah,Reed,True,Reed_616fa
Daniel Grimes,Daniel_Grimes@keith.com,19821126,61518103,Daniel,Grimes,True,Grimes_2efc5
Samuel Solomon,Samuel_Solomon@wolf.net,19871230,26166751,Samuel,Solomon,True,Solomon_23bae
Katrina Miller,Katrina_Miller@grimes.com,19540308,81240247,Katrina,Miller,True,Miller_5c2c0
Raymond Conner,Raymond_Conner@oneal-johnson.com,19970128,95736583,Raymond,Conner,True,Conner_71970
Cory Garcia,Cory_Garcia@evans-benson.com,19550202,86555943,Cory,Garcia,True,Garcia_14ae7
Lori Fuller,Lori_Fuller@gordon.com,19680101,54288255,Lori,Fuller,True,Fuller_9068b
Corey Wilson,Corey_Wilson@hoover-hernandez.com,19531011,39467535,Corey,Wilson,True,Wilson_da57e
Denise Dominguez,Denise_Dominguez@long.com,19660628,28235547,Denise,Dominguez,True,Dominguez_db12a
Holly James,Holly_James@macdonald.com,19641104,62732175,Holly,James,True,James_e7a3a
Alicia Mccarty,Alicia_Mccarty@beasley.com,19820916,57669519,Alicia,Mccarty,True,Mccarty_a4b9d
Mr. Ryan Guzman,Ryan_Guzman@walker-hudson.biz,19621016,79930919,Mr. Ryan,Guzman,True,Guzman_2c0ed
Zoe Christian,Zoe_Christian@grant.com,19990319,22170983,Zoe,Christian,True,Christian_90eb3
Nicholas Watson,Nicholas_Watson@williams.com,19620403,72181751,Nicholas,Watson,True,Watson_61db6
Mrs. Shirley Ruiz,Shirley_Ruiz@house-gay.com,19720812,23759691,Mrs. Shirley,Ruiz,True,Ruiz_956d3
Victoria Wood,Victoria_Wood@proctor-baker.com,19910622,13955959,Victoria,Wood,True,Wood_67f27
Jillian Knight,Jillian_Knight@davenport.com,19881108,20417711,Jillian,Knight,True,Knight_10192
Ryan Fisher,Ryan_Fisher@fletcher.com,19871030,63505855,Ryan,Fisher,True,Fisher_27703
Stephanie Howe,Stephanie_Howe@allen.com,19630905,37283343,Stephanie,Howe,True,Howe_a7c94
Kenneth Kim,Kenneth_Kim@duran.com,19990505,37818767,Kenneth,Kim,True,Kim_c0e4a
Andrew Macias,Andrew_Macias@douglas.com,19661013,28232535,Andrew,Macias,True,Macias_a4116
Lisa Jackson,Lisa_Jackson@morton-lowe.com,19730114,82393203,Lisa,Jackson,True,Jackson_89ce6
Elizabeth Huffman,Elizabeth_Huffman@zamora.com,19580918,15486151,Elizabeth,Huffman,True,Huffman_fb25a
Christina Stone,Christina_Stone@medina.com,19930320,34449775,Christina,Stone,True,Stone_9ab9f
Miranda Mata,Miranda_Mata@martin.com,19930124,61632395,Miranda,Mata,True,Mata_53cfc
Martin Garza,Martin_Garza@morris.info,19741221,28343727,Martin,Garza,True,Garza_565a5
Alexander Merritt,Alexander_Merritt@butler.net,19800913,33574735,Alexander,Merritt,True,Merritt_696fd
Mackenzie Anderson,Mackenzie_Anderson@welch.biz,19790522,34401951,Mackenzie,Anderson,True,Anderson_71b94
Austin Alexander,Austin_Alexander@ortiz.com,19950418,12638703,Austin,Alexander,True,Alexander_12438
Kelly Sanders,Kelly_Sanders@coleman.com,19520413,29703695,Kelly,Sanders,True,Sanders_e9c2f
Matthew Jones,Matthew_Jones@arnold.com,20000615,98616991,Matthew,Jones,True,Jones_fae51
Donna Juarez,Donna_Juarez@sanders-briggs.com,19550612,60313867,Donna,Juarez,True,Juarez_ab899
Sarah David,Sarah_David@collier.net,19981216,97218247,Sarah,David,True,David_39e9f
Carmen Barajas,Carmen_Barajas@smith.com,19810526,34685455,Carmen,Barajas,True,Barajas_62836
Angela Johnson,Angela_Johnson@stewart.com,19840827,62439103,Angela,Johnson,True,Johnson_5dcba
Sonia Lynch,Sonia_Lynch@bowman-mccullough.biz,19631202,66838511,Sonia,Lynch,True,Lynch_1a989
Melissa Sparks,Melissa_Sparks@sanchez-stevenson.com,19930802,27530863,Melissa,Sparks,True,Sparks_a67f3
Rebecca Serrano,Rebecca_Serrano@martin.com,19650726,48396631,Rebecca,Serrano,True,Serrano_c59d5
Elizabeth Barrera,Elizabeth_Barrera@gibbs.biz,20000816,15349719,Elizabeth,Barrera,True,Barrera_10054
Michael Avila,Michael_Avila@ramirez.org,19530123,46158431,Michael,Avila,True,Avila_70c38
Katherine Hill,Katherine_Hill@tran.com,19830918,37709951,Katherine,Hill,True,Hill_e971e
Kristin Hart,Kristin_Hart@ortega.com,19661217,36255543,Kristin,Hart,True,Hart_3b264
Jacqueline Ho,Jacqueline_Ho@henry.com,19610131,75359367,Jacqueline,Ho,True,Ho_73551
Tyler Rodriguez,Tyler_Rodriguez@nelson.com,19691123,38316039,Tyler,Rodriguez,True,Rodriguez_c3743
Michael Knight,Michael_Knight@davidson.com,19870408,71412263,Michael,Knight,True,Knight_e66ab
Heather Arroyo,Heather_Arroyo@martinez.com,19790709,36165719,Heather,Arroyo,True,Arroyo_44022
Lori Larson,Lori_Larson@flowers.com,19630807,38397103,Lori,Larson,True,Larson_06714
Lindsay Lopez,Lindsay_Lopez@foster.net,19820123,62519943,Lindsay,Lopez,True,Lopez_b6ee8
David Vazquez,David_Vazquez@davila-beck.com,19900612,57160871,David,Vazquez,True,Vazquez_13d09
Amber Mathis,Amber_Mathis@jensen-jensen.info,19680426,41337495,Amber,Mathis,True,Mathis_68b34
Jessica Knight,Jessica_Knight@mcdowell-jones.info,19680528,21071591,Jessica,Knight,True,Knight_513c8
Jessica Chavez,Jessica_Chavez@oliver.info,19950325,68367639,Jessica,Chavez,True,Chavez_302a3
Mrs. Grace Phillips,Grace_Phillips@foley-davis.info,19690531,71945055,Mrs. Grace,Phillips,True,Phillips_fab0b
Karen Salazar,Karen_Salazar@wu-cohen.com,19950502,89394439,Karen,Salazar,True,Salazar_cf1ae
Sherry Hicks,Sherry_Hicks@stout-nicholson.com,19611127,12514111,Sherry,Hicks,True,Hicks_5e5f2
Jeffrey Dennis,Jeffrey_Dennis@simmons.org,19841102,25874695,Jeffrey,Dennis,True,Dennis_6fd98
Sarah Davila,Sarah_Davila@nash.com,19790906,46685303,Sarah,Davila,True,Davila_1977b
Karen Oneill,Karen_Oneill@gomez.com,19921004,72265879,Karen,Oneill,True,Oneill_7278c
Katie Gilmore,Katie_Gilmore@lopez.biz,19871019,83937223,Katie,Gilmore,True,Gilmore_a124d
Nicholas Mills,Nicholas_Mills@williams.com,19631001,68844231,Nicholas,Mills,True,Mills_f511a
Kim Hull,Kim_Hull@king.com,20030619,69198923,Kim,Hull,True,Hull_d0117
Jennifer Montgomery,Jennifer_Montgomery@estrada-cole.com,19710715,53834071,Jennifer,Montgomery,True,Montgomery_1a334
Cynthia Bailey,Cynthia_Bailey@oneill.com,19790825,48942719,Cynthia,Bailey,True,Bailey_13beb
John Wright,John_Wright@harris.com,19831019,96650335,John,Wright,True,Wright_fefcf
Kelsey Miller,Kelsey_Miller@anderson-green.com,19781107,45676055,Kelsey,Miller,True,Miller_d6676
Sheila Brown,Sheila_Brown@stevens-edwards.com,19821128,32490999,Sheila,Brown,True,Brown_565a7
Ashley Johnson,Ashley_Johnson@duarte.info,19860627,40141375,Ashley,Johnson,True,Johnson_8ef4f
Lisa Moore,Lisa_Moore@ramos.com,19941119,99493567,Lisa,Moore,True,Moore_a6529
Brianna Haynes,Brianna_Haynes@garcia.com,19980401,12153303,Brianna,Haynes,True,Haynes_dd4da
Luis Brown,Luis_Brown@medina.org,19540924,86879631,Luis,Brown,True,Brown_58eac
Julian Newman,Julian_Newman@haynes.com,19580313,49873159,Julian,Newman,True,Newman_15a27
Thomas Ferguson,Thomas_Ferguson@guzman.com,19591213,28787319,Thomas,Ferguson,True,Ferguson_fb458
David Swanson,David_Swanson@gregory.com,20021220,16753799,David,Swanson,True,Swanson_0be9c
Kathryn Dyer,Kathryn_Dyer@walker.com,19591210,57873103,Kathryn,Dyer,True,Dyer_7b5ce
Lauren Rodriguez,Lauren_Rodriguez@soto.com,19931016,27106623,Lauren,Rodriguez,True,Rodriguez_a9b99
Jeffrey Rodriguez,Jeffrey_Rodriguez@trujillo.com,19900331,56472143,Jeffrey,Rodriguez,True,Rodriguez_f1303
Richard Anderson,Richard_Anderson@white.com,19580607,66751511,Richard,Anderson,True,Anderson_7118f
Andrea Huynh,Andrea_Huynh@dixon-smith.com,19890929,26799851,Andrea,Huynh,True,Huynh_1735e
Brian Allen,Brian_Allen@conway.com,19560101,93233303,Brian,Allen,True,Allen_013af
Jacqueline Peck,Jacqueline_Peck@smith-miller.com,19590210,60512219,Jacqueline,Peck,True,Peck_723a2
Jessica Lee,Jessica_Lee@brown-baxter.com,19670124,89410823,Jessica,Lee,True,Lee_7f12f
Desiree Pham,Desiree_Pham@gomez.org,19980918,21659871,Desiree,Pham,True,Pham_2772e
Martin Allen,Martin_Allen@steele.com,20020924,99969439,Martin,Allen,True,Allen_7a4f2
Jason Mcdaniel,Jason_Mcdaniel@wood.com,19650403,68591887,Jason,Mcdaniel,True,Mcdaniel_50061
Angela Mitchell,Angela_Mitchell@moreno-evans.com,19690105,50190223,Angela,Mitchell,True,Mitchell_06d3f
Derrick Sanchez,Derrick_Sanchez@mitchell.com,19700424,97980535,Derrick,Sanchez,True,Sanchez_9f266
Angela Ruiz,Angela_Ruiz@ramirez.org,19980922,32048807,Angela,Ruiz,True,Ruiz_4fd0b
David Weaver,David_Weaver@eaton.org,19920527,13469943,David,Weaver,True,Weaver_3aeb5
Bryan Lewis,Bryan_Lewis@guerrero-harris.org,19660307,41243367,Bryan,Lewis,True,Lewis_ef96d
Christine Ellis,Christine_Ellis@blackwell.com,19980617,69393823,Christine,Ellis,True,Ellis_b9ff0
Amanda Rodriguez,Amanda_Rodriguez@wagner.org,19670215,45111815,Amanda,Rodriguez,True,Rodriguez_b6c10
Alyssa Salinas,Alyssa_Salinas@robbins.com,19980710,41363847,Alyssa,Salinas,True,Salinas_8ad1c
Mrs. Destiny Morris MD,Destiny_Morris@morris.biz,20020424,34213111,Mrs. Destiny Morris,MD,True,MD_fd4a9
Antonio Baker,Antonio_Baker@adams-harrison.biz,19590605,61275895,Antonio,Baker,True,Baker_e1e70
Mr. Kevin Walsh,Kevin_Walsh@hamilton.net,19920805,63251375,Mr. Kevin,Walsh,True,Walsh_8cd29
Stuart Daniels,Stuart_Daniels@castro.com,20020317,38551603,Stuart,Daniels,True,Daniels_c934d
Kenneth Knox,Kenneth_Knox@zamora.com,19990626,47904991,Kenneth,Knox,True,Knox_d64ed
Steve Mitchell,Steve_Mitchell@adkins-russell.com,19751027,98789479,Steve,Mitchell,True,Mitchell_1bdd4
Craig Hendricks,Craig_Hendricks@garcia-higgins.com,19951018,51721063,Craig,Hendricks,True,Hendricks_a352c
Ricky Kerr,Ricky_Kerr@gonzalez-martinez.com,19510625,43238807,Ricky,Kerr,True,Kerr_a02d8
Gloria Aguilar,Gloria_Aguilar@dorsey-donaldson.com,19690606,69773231,Gloria,Aguilar,True,Aguilar_d3661
Jon Mcmillan,Jon_Mcmillan@mcmahon-taylor.biz,19920104,15207695,Jon,Mcmillan,True,Mcmillan_a77b7
Mr. Gerald Hall PhD,Gerald_Hall@kim-chapman.com,19711007,53954823,Mr. Gerald Hall,PhD,True,PhD_0bc14
Alexander Knight,Alexander_Knight@doyle.com,19740812,41639975,Alexander,Knight,True,Knight_7e064
Joseph Cross,Joseph_Cross@mason-shaw.net,19530126,35750023,Joseph,Cross,True,Cross_36c08
Dr. Joel Myers PhD,Joel_Myers@smith-willis.net,19720920,49665991,Dr. Joel Myers,PhD,True,PhD_1466d
Reginald Wheeler,Reginald_Wheeler@brown.biz,19870122,29179575,Reginald,Wheeler,True,Wheeler_b5a77
Michael Mckee,Michael_Mckee@gordon.com,20000917,87409327,Michael,Mckee,True,Mckee_92c0e
Mrs. Elizabeth Richard,Elizabeth_Richard@stewart.biz,19901002,70199975,Mrs. Elizabeth,Richard,True,Richard_fb535
Roy Park,Roy_Park@rodriguez-west.com,19551029,69451423,Roy,Park,True,Park_a639e
Lisa Smith,Lisa_Smith@black.info,19580819,99884935,Lisa,Smith,True,Smith_f312f
Walter Wiggins,Walter_Wiggins@chen-morris.org,19790522,12487311,Walter,Wiggins,True,Wiggins_71b94
Jonathan Castro,Jonathan_Castro@sandoval.com,19700409,95059239,Jonathan,Castro,True,Castro_49d90
Richard Carroll,Richard_Carroll@massey-gardner.com,19610526,61422551,Richard,Carroll,True,Carroll_78391
Ashley Wright,Ashley_Wright@callahan-dixon.info,19810823,27446295,Ashley,Wright,True,Wright_7a20b
Michelle Fletcher,Michelle_Fletcher@anderson.com,19831024,15665159,Michelle,Fletcher,True,Fletcher_e6fff
Ashley Morris,Ashley_Morris@aguilar-wood.biz,19750329,17176967,Ashley,Morris,True,Morris_5c574
Carol Murphy,Carol_Murphy@lowe.com,19640317,54241135,Carol,Murphy,True,Murphy_ecd95
Michael Russell,Michael_Russell@orozco.com,19680308,24280095,Michael,Russell,True,Russell_203e4
Shawna Andrews,Shawna_Andrews@freeman.com,19981115,12022295,Shawna,Andrews,True,Andrews_776f9
Veronica Obrien,Veronica_Obrien@oneill.biz,20001128,46421095,Veronica,Obrien,True,Obrien_a0d8f
Dana Hernandez,Dana_Hernandez@jackson.com,19940126,50236391,Dana,Hernandez,True,Hernandez_3d7b1
Amanda Bernard,Amanda_Bernard@gilmore.info,19860211,52780943,Amanda,Bernard,True,Bernard_cc2c8
Lauren Harris,Lauren_Harris@long.com,19780811,42605007,Lauren,Harris,True,Harris_e20bd
Sean Morales,Sean_Morales@molina.com,20030920,50605207,Sean,Morales,True,Morales_867f3
Andrea Dennis,Andrea_Dennis@smith-goodman.com,19570926,17153399,Andrea,Dennis,True,Dennis_14df3
John Mendoza,John_Mendoza@mahoney.com,19850519,85845135,John,Mendoza,True,Mendoza_fa60d
Robert Johnson,Robert_Johnson@mathis.org,19571114,59478743,Robert,Johnson,True,Johnson_ba49d
Arthur Hogan,Arthur_Hogan@brown.biz,19820315,80309015,Arthur,Hogan,True,Hogan_5a330
Jeremy Krueger,Jeremy_Krueger@haley.com,19830715,37358751,Jeremy,Krueger,True,Krueger_b37c9
Sierra Mcdaniel,Sierra_Mcdaniel@mata.com,20030713,77274903,Sierra,Mcdaniel,True,Mcdaniel_4de3f
Wendy Smith,Wendy_Smith@smith-webb.com,19700128,60349279,Wendy,Smith,True,Smith_85c0b
Leslie Diaz,Leslie_Diaz@thomas-shelton.com,19570430,57506727,Leslie,Diaz,True,Diaz_0bd1d
Grant Snyder,Grant_Snyder@gonzales.com,19731031,23872143,Grant,Snyder,True,Snyder_d3f05
Brandi Jenkins,Brandi_Jenkins@miller.com,19651228,79308567,Brandi,Jenkins,True,Jenkins_27fe6
Amy Haynes,Amy_Haynes@levy.com,19600314,41563455,Amy,Haynes,True,Haynes_18bc2
Nicole Watson,Nicole_Watson@simmons.info,19660712,22599395,Nicole,Watson,True,Watson_e796d
John Roberts,John_Roberts@hendricks.com,19540315,16513279,John,Roberts,True,Roberts_d606a
Gary Ryan,Gary_Ryan@wright-yu.org,19961010,78108759,Gary,Ryan,True,Ryan_74ba2
Carrie Nelson,Carrie_Nelson@archer-murphy.com,19510609,49242255,Carrie,Nelson,True,Nelson_fde1d
Jacob Hood,Jacob_Hood@evans.com,19560208,24204143,Jacob,Hood,True,Hood_bb6b9
Tracy Charles,Tracy_Charles@rowe.com,19931108,62200511,Tracy,Charles,True,Charles_02485
Heather Miller,Heather_Miller@taylor.net,19530128,37035727,Heather,Miller,True,Miller_28ba0
Brandon Johnson,Brandon_Johnson@ramirez.com,19851003,60862935,Brandon,Johnson,True,Johnson_8eba4
Kevin Cook,Kevin_Cook@cox-stewart.com,19780913,71239915,Kevin,Cook,True,Cook_a5121
Mary Moore,Mary_Moore@knight.info,19670720,51073987,Mary,Moore,True,Moore_4ebab
Derrick Lane,Derrick_Lane@yates.com,19890916,65837219,Derrick,Lane,True,Lane_24958
Robert Butler,Robert_Butler@weiss-scott.biz,20000521,66234759,Robert,Butler,True,Butler_39d0c
Wendy Nelson,Wendy_Nelson@day.com,19650108,59119063,Wendy,Nelson,True,Nelson_f7fc3
Melinda Wang,Melinda_Wang@west.biz,19770906,53607903,Melinda,Wang,True,Wang_5d283
Jasmine Ramsey,Jasmine_Ramsey@jackson.com,19500407,16447279,Jasmine,Ramsey,True,Ramsey_843ef
William Beltran,William_Beltran@bean.com,19850313,16495975,William,Beltran,True,Beltran_b42ac
Albert Jefferson,Albert_Jefferson@diaz-bailey.com,19841117,32919607,Albert,Jefferson,True,Jefferson_84127
Adam Smith,Adam_Smith@reed-smith.org,19840529,27756583,Adam,Smith,True,Smith_e240f
Jessica Ferguson,Jessica_Ferguson@young.com,19670129,78033235,Jessica,Ferguson,True,Ferguson_8004f
Gerald Stuart,Gerald_Stuart@strong.net,19950810,98421991,Gerald,Stuart,True,Stuart_42d02
Jacob Vaughan,Jacob_Vaughan@martinez.com,19830908,69615007,Jacob,Vaughan,True,Vaughan_40056
Tammy Thompson,Tammy_Thompson@jimenez.org,20020529,13111159,Tammy,Thompson,True,Thompson_9b317
Matthew Fuentes,Matthew_Fuentes@miranda.com,19660329,33411447,Matthew,Fuentes,True,Fuentes_0598c
April Carpenter,April_Carpenter@page.com,19710929,97274415,April,Carpenter,True,Carpenter_4acee
Rachel Garcia,Rachel_Garcia@neal.com,19961021,87786127,Rachel,Garcia,True,Garcia_d383b
Patrick Madden,Patrick_Madden@sanders.com,19941101,35389647,Patrick,Madden,True,Madden_d8100
Angela Myers,Angela_Myers@rodriguez.com,19740126,59457063,Angela,Myers,True,Myers_96365
Wayne Baker,Wayne_Baker@brown.com,19671227,92067207,Wayne,Baker,True,Baker_726e6
Haley Cox,Haley_Cox@lewis.com,19641001,27911351,Haley,Cox,True,Cox_c2d50
Dan Sanders,Dan_Sanders@klein-hernandez.com,19500813,30043759,Dan,Sanders,True,Sanders_65a5d
Timothy Boyle,Timothy_Boyle@roach.net,19840608,49033195,Timothy,Boyle,True,Boyle_7540a
Jeremy Butler,Jeremy_Butler@allen.biz,20010116,92810031,Jeremy,Butler,True,Butler_3fea8
Thomas Fisher,Thomas_Fisher@phillips.com,19850415,99090999,Thomas,Fisher,True,Fisher_cd40a
Taylor Lopez,Taylor_Lopez@jones-salazar.com,19570522,17889439,Taylor,Lopez,True,Lopez_d2a7d
Cynthia Ortiz MD,Cynthia_Ortiz@mathis.com,19590706,91591279,Cynthia Ortiz,MD,True,MD_fed1f
Jeffrey Macias,Jeffrey_Macias@cox.com,19900310,98485783,Jeffrey,Macias,True,Macias_76606
Brian Drake,Brian_Drake@hurst-price.net,19621102,83466007,Brian,Drake,True,Drake_1697c
Anna Austin,Anna_Austin@mcguire.com,19991122,83758091,Anna,Austin,True,Austin_69ddb
Joel Clark,Joel_Clark@mcclain.com,19580712,65159231,Joel,Clark,True,Clark_b1291
Deborah Olson,Deborah_Olson@greene.com,19570805,92118339,Deborah,Olson,True,Olson_4c0a6
Michael Love,Michael_Love@rodriguez-martinez.net,20020321,41033095,Michael,Love,True,Love_01195
Crystal Fletcher,Crystal_Fletcher@lawrence.info,19610115,34430647,Crystal,Fletcher,True,Fletcher_d66cd
Michael Porter,Michael_Porter@shepherd.org,19770614,69635251,Michael,Porter,True,Porter_19ffd
Timothy Jordan,Timothy_Jordan@young.com,19991228,77411263,Timothy,Jordan,True,Jordan_26d57
Kathy Leblanc,Kathy_Leblanc@warren-gray.com,19810227,69067343,Kathy,Leblanc,True,Leblanc_25e89
William Floyd,William_Floyd@duran.com,19720713,27758191,William,Floyd,True,Floyd_ee7c0
Angela Hayden,Angela_Hayden@barry.net,19960623,28574351,Angela,Hayden,True,Hayden_44dbe
Renee Hodges,Renee_Hodges@hamilton.com,19871228,63899519,Renee,Hodges,True,Hodges_c3205
Samantha Miller,Samantha_Miller@mcmahon.com,19650406,41451647,Samantha,Miller,True,Miller_b1a7b
Sandra Houston,Sandra_Houston@cruz.org,20000211,88159159,Sandra,Houston,True,Houston_81d36
Nicole Perry,Nicole_Perry@ford.info,19530822,81236407,Nicole,Perry,True,Perry_a0904
Joseph Bryant,Joseph_Bryant@anderson-gonzalez.biz,19750116,83155355,Joseph,Bryant,True,Bryant_a8734
Daniel Arnold,Daniel_Arnold@kaiser-robinson.info,19971009,88076335,Daniel,Arnold,True,Arnold_5b344
Leslie Lambert,Leslie_Lambert@sutton-aguirre.org,19810604,97188543,Leslie,Lambert,True,Lambert_0c6fa
Robert Velasquez,Robert_Velasquez@ramirez-davis.biz,19980506,45353591,Robert,Velasquez,True,Velasquez_ff760
Lauren Orozco,Lauren_Orozco@sanchez.com,20000126,71540231,Lauren,Orozco,True,Orozco_32e5d
Destiny Johns,Destiny_Johns@hayes.com,19731201,89233575,Destiny,Johns,True,Johns_bd350
Stacey Walker,Stacey_Walker@norton.biz,19900129,85917303,Stacey,Walker,True,Walker_f5f00
Jennifer Davis,Jennifer_Davis@nguyen.com,19931018,72513603,Jennifer,Davis,True,Davis_d9ba6
Julie Leon,Julie_Leon@montgomery.biz,19930313,60535175,Julie,Leon,True,Leon_3a2bb
Evan Page,Evan_Page@harrison.org,19940808,37848247,Evan,Page,True,Page_28484
April Owen,April_Owen@sanchez.com,19670923,16552967,April,Owen,True,Owen_1c1c8
Mr. Evan Russell,Evan_Russell@ferguson.net,19590120,75209343,Mr. Evan,Russell,True,Russell_eeae9
Jordan Cruz,Jordan_Cruz@clark-dickerson.com,19580323,42355435,Jordan,Cruz,True,Cruz_a019e
Dr. Edward Brooks,Edward_Brooks@lane.info,20000404,92929919,Dr. Edward,Brooks,True,Brooks_5ee94
Brent Castaneda,Brent_Castaneda@garcia.com,19580307,80875871,Brent,Castaneda,True,Castaneda_1e9a5
Gregory Peters,Gregory_Peters@ray.net,19900902,78256247,Gregory,Peters,True,Peters_62c2d
Jason Malone,Jason_Malone@allen.com,19550503,47278299,Jason,Malone,True,Malone_82057
Kristin Bauer,Kristin_Bauer@gray.biz,19890617,53716731,Kristin,Bauer,True,Bauer_12cdf
Matthew Salazar,Matthew_Salazar@jones-jones.com,19991211,50895327,Matthew,Salazar,True,Salazar_8a391
Martin Morris,Martin_Morris@garcia.com,19930810,47193651,Martin,Morris,True,Morris_ed007
Natasha Martinez,Natasha_Martinez@west.com,19680418,55194439,Natasha,Martinez,True,Martinez_fa7cb
Charles Powell,Charles_Powell@knight.com,19970906,47215879,Charles,Powell,True,Powell_89e26
Leah Perez,Leah_Perez@smith-burns.biz,19750911,34266271,Leah,Perez,True,Perez_f6857
Brian Powell,Brian_Powell@hernandez.com,19591115,67153775,Brian,Powell,True,Powell_c3379
Laura Sandoval,Laura_Sandoval@brown.com,19860913,17475623,Laura,Sandoval,True,Sandoval_6592d
Mr. Charles Gonzalez,Charles_Gonzalez@navarro.com,19710404,94465511,Mr. Charles,Gonzalez,True,Gonzalez_bc4a4
Nicholas Caldwell,Nicholas_Caldwell@hurley-bass.com,19770714,42525999,Nicholas,Caldwell,True,Caldwell_92d76
Brian Wyatt,Brian_Wyatt@wright-young.com,19581211,63631399,Brian,Wyatt,True,Wyatt_ac546
Sarah French,Sarah_French@wright.biz,19810716,14911411,Sarah,French,True,French_c64c5
Ryan Garcia,Ryan_Garcia@vazquez-wells.com,19930815,26856535,Ryan,Garcia,True,Garcia_a540e
Joseph Bartlett,Joseph_Bartlett@thompson-espinoza.biz,19820215,99932903,Joseph,Bartlett,True,Bartlett_03923
Megan Anderson,Megan_Anderson@wilson-murillo.com,19700729,21736903,Megan,Anderson,True,Anderson_a86c0
Pamela Hughes,Pamela_Hughes@charles-costa.com,19870613,40181295,Pamela,Hughes,True,Hughes_5403f
Tiffany Scott,Tiffany_Scott@davis.com,19861110,76272207,Tiffany,Scott,True,Scott_af31d
Stanley Conway,Stanley_Conway@adams.com,19850905,71853567,Stanley,Conway,True,Conway_b17c3
Christine Campbell,Christine_Campbell@white.info,19821028,29996463,Christine,Campbell,True,Campbell_054c1
Yolanda Petty,Yolanda_Petty@dunlap-brown.com,19910125,69674519,Yolanda,Petty,True,Petty_89b4f
James Lopez,James_Lopez@werner.org,19790618,88866567,James,Lopez,True,Lopez_65a92
Emily Oneal,Emily_Oneal@gutierrez.com,19580118,49152079,Emily,Oneal,True,Oneal_1a34f
Kirk Donaldson,Kirk_Donaldson@roberts-mills.info,19791230,36131119,Kirk,Donaldson,True,Donaldson_c6b02
Tara Jones,Tara_Jones@blankenship.net,19850303,49275455,Tara,Jones,True,Jones_7290c
Evan Pruitt,Evan_Pruitt@brown.biz,19590321,55413567,Evan,Pruitt,True,Pruitt_56617
Karen Shaw,Karen_Shaw@trujillo.info,19750106,81014367,Karen,Shaw,True,Shaw_34013
Christine Cohen,Christine_Cohen@rich-bell.com,19940621,80232231,Christine,Cohen,True,Cohen_0fcc4
Daniel Gutierrez,Daniel_Gutierrez@santana-bryan.com,19571103,93799931,Daniel,Gutierrez,True,Gutierrez_8e2f3
George Williams,George_Williams@patton.com,19810319,69991287,George,Williams,True,Williams_c20d3
Lori Allen,Lori_Allen@valdez-phillips.com,20020916,28175727,Lori,Allen,True,Allen_8c000
Charles Kelly,Charles_Kelly@dalton.com,19690401,62777351,Charles,Kelly,True,Kelly_0c61d
Jonathan Villa,Jonathan_Villa@suarez.com,19751203,80471287,Jonathan,Villa,True,Villa_19bdd
Cindy Jackson,Cindy_Jackson@garcia-burch.com,19670727,60954247,Cindy,Jackson,True,Jackson_40b1b
Scott Williams,Scott_Williams@keller-wong.com,19800308,85799255,Scott,Williams,True,Williams_10ae3
Dylan Hernandez,Dylan_Hernandez@singleton-johnson.com,19950301,31405951,Dylan,Hernandez,True,Hernandez_04544
John Vazquez,John_Vazquez@rivera.biz,19620306,73810151,John,Vazquez,True,Vazquez_51496
Michele Jones,Michele_Jones@leach-taylor.org,19910319,18146159,Michele,Jones,True,Jones_974cf
Tiffany Cannon,Tiffany_Cannon@keller.org,19710616,47798639,Tiffany,Cannon,True,Cannon_6f0f0
Michelle Garcia,Michelle_Garcia@lynch.com,19801017,52895823,Michelle,Garcia,True,Garcia_6967c
Matthew Bailey,Matthew_Bailey@benjamin.com,19870728,39436023,Matthew,Bailey,True,Bailey_255ab
Kristin Edwards,Kristin_Edwards@short.com,19820603,22435107,Kristin,Edwards,True,Edwards_e7bbf
Kristen Kirk,Kristen_Kirk@ayers.com,19590823,97993751,Kristen,Kirk,True,Kirk_079a3
Ruth Carrillo,Ruth_Carrillo@paul.com,19790905,43751451,Ruth,Carrillo,True,Carrillo_d036e
Jacob Stephenson,Jacob_Stephenson@larson-stevenson.net,19541111,75359427,Jacob,Stephenson,True,Stephenson_dd890
Curtis Flynn,Curtis_Flynn@cook-drake.com,19780926,58787463,Curtis,Flynn,True,Flynn_066c3
Thomas Perez,Thomas_Perez@greene-lopez.com,19630220,96377439,Thomas,Perez,True,Perez_7a5c3
Sheri Kline,Sheri_Kline@hinton.com,19940609,33546343,Sheri,Kline,True,Kline_e724e
Mr. Jeff Baker,Jeff_Baker@bentley.com,19670424,57871767,Mr. Jeff,Baker,True,Baker_4cd37
William Powell,William_Powell@harrell.com,19670721,71832243,William,Powell,True,Powell_d1cfb
Robert Johnson,Robert_Johnson@burnett.org,19520518,42600607,Robert,Johnson,True,Johnson_a3713
Rachel Maxwell,Rachel_Maxwell@edwards-nguyen.biz,19740513,91714011,Rachel,Maxwell,True,Maxwell_90243
Shannon Thomas,Shannon_Thomas@dawson-alexander.com,19680903,18892279,Shannon,Thomas,True,Thomas_2a3b9
Courtney Morse,Courtney_Morse@klein.org,19770707,23951715,Courtney,Morse,True,Morse_d4789
Jeffrey Murray,Jeffrey_Murray@jones.net,19821221,27473887,Jeffrey,Murray,True,Murray_8d3f7
Carla Jackson,Carla_Jackson@morris.com,19940715,44275151,Carla,Jackson,True,Jackson_5ae26
Eric Hoffman,Eric_Hoffman@lang.info,19750425,99871415,Eric,Hoffman,True,Hoffman_f0c23
Kristin Wagner,Kristin_Wagner@clayton.com,19970129,66045343,Kristin,Wagner,True,Wagner_83f4e
Jessica Dixon,Jessica_Dixon@clark.org,19660816,76336767,Jessica,Dixon,True,Dixon_d2533
Kathleen Rodriguez,Kathleen_Rodriguez@frost-james.com,19671005,65397891,Kathleen,Rodriguez,True,Rodriguez_3b414
David Burton,David_Burton@glover-willis.org,19700402,19798095,David,Burton,True,Burton_80ddc
Nicole Shea,Nicole_Shea@mcclure.com,19560102,28795599,Nicole,Shea,True,Shea_abeb3
Alexander Hamilton,Alexander_Hamilton@allen-gillespie.org,19641104,28127271,Alexander,Hamilton,True,Hamilton_e7a3a
